"","family","repli","dam","sire","tray","cell","length","egg_size"
"1","f1","r1","d1","s1","t7","1A",22.7,7.27
"2","f1","r2","d1","s1","t8","1A",22,7.27
"3","f1","r1","d1","s1","t7","1A",23.8,7.27
"4","f1","r2","d1","s1","t8","1A",21.8,7.27
"5","f1","r1","d1","s1","t7","1A",22.6,7.27
"6","f1","r2","d1","s1","t8","1A",22.4,7.27
"7","f1","r1","d1","s1","t7","1A",22.9,7.27
"8","f1","r2","d1","s1","t8","1A",22.3,7.27
"9","f1","r1","d1","s1","t7","1A",23.1,7.27
"10","f1","r2","d1","s1","t8","1A",22.1,7.27
"11","f2","r1","d1","s2","t7","1B",23.5,7.27
"12","f2","r2","d1","s2","t8","1B",23.1,7.27
"13","f2","r1","d1","s2","t7","1B",23,7.27
"14","f2","r2","d1","s2","t8","1B",22.1,7.27
"15","f2","r1","d1","s2","t7","1B",22.4,7.27
"16","f2","r2","d1","s2","t8","1B",21.9,7.27
"17","f2","r1","d1","s2","t7","1B",22.9,7.27
"18","f2","r2","d1","s2","t8","1B",24.3,7.27
"19","f2","r1","d1","s2","t7","1B",23.1,7.27
"20","f2","r2","d1","s2","t8","1B",22.8,7.27
"21","f3","r1","d1","s3","t7","1C",23.8,7.27
"22","f3","r2","d1","s3","t8","1C",23.4,7.27
"23","f3","r1","d1","s3","t7","1C",22.2,7.27
"24","f3","r2","d1","s3","t8","1C",22.2,7.27
"25","f3","r1","d1","s3","t7","1C",23,7.27
"26","f3","r2","d1","s3","t8","1C",22.9,7.27
"27","f3","r1","d1","s3","t7","1C",23.5,7.27
"28","f3","r2","d1","s3","t8","1C",24.1,7.27
"29","f3","r1","d1","s3","t7","1C",22.8,7.27
"30","f3","r2","d1","s3","t8","1C",23.5,7.27
"31","f4","r1","d1","s4","t7","1D",23.3,7.27
"32","f4","r2","d1","s4","t8","1D",22.6,7.27
"33","f4","r1","d1","s4","t7","1D",22.9,7.27
"34","f4","r2","d1","s4","t8","1D",22.1,7.27
"35","f4","r1","d1","s4","t7","1D",23,7.27
"36","f4","r2","d1","s4","t8","1D",23.2,7.27
"37","f4","r1","d1","s4","t7","1D",23.2,7.27
"38","f4","r2","d1","s4","t8","1D",23.8,7.27
"39","f4","r1","d1","s4","t7","1D",23.1,7.27
"40","f4","r2","d1","s4","t8","1D",21.8,7.27
"41","f5","r1","d1","s5","t7","2A",20.9,7.27
"42","f5","r2","d1","s5","t8","2A",22.8,7.27
"43","f5","r1","d1","s5","t7","2A",21.8,7.27
"44","f5","r2","d1","s5","t8","2A",21.6,7.27
"45","f5","r1","d1","s5","t7","2A",21.3,7.27
"46","f5","r2","d1","s5","t8","2A",22.6,7.27
"47","f5","r1","d1","s5","t7","2A",21.6,7.27
"48","f5","r2","d1","s5","t8","2A",21.9,7.27
"49","f5","r1","d1","s5","t7","2A",21,7.27
"50","f5","r2","d1","s5","t8","2A",22.6,7.27
"51","f6","r1","d1","s6","t7","2B",22.6,7.27
"52","f6","r2","d1","s6","t8","2B",23.4,7.27
"53","f6","r1","d1","s6","t7","2B",22.5,7.27
"54","f6","r2","d1","s6","t8","2B",23.1,7.27
"55","f6","r1","d1","s6","t7","2B",22.8,7.27
"56","f6","r2","d1","s6","t8","2B",22.9,7.27
"57","f6","r1","d1","s6","t7","2B",22.6,7.27
"58","f6","r2","d1","s6","t8","2B",22.6,7.27
"59","f6","r1","d1","s6","t7","2B",22.1,7.27
"60","f6","r2","d1","s6","t8","2B",22.9,7.27
"61","f7","r1","d1","s7","t7","2C",25,7.27
"62","f7","r2","d1","s7","t8","2C",22.4,7.27
"63","f7","r1","d1","s7","t7","2C",22.8,7.27
"64","f7","r2","d1","s7","t8","2C",22.2,7.27
"65","f7","r1","d1","s7","t7","2C",22.7,7.27
"66","f7","r2","d1","s7","t8","2C",22.1,7.27
"67","f7","r1","d1","s7","t7","2C",23,7.27
"68","f7","r2","d1","s7","t8","2C",21.8,7.27
"69","f7","r1","d1","s7","t7","2C",24.1,7.27
"70","f7","r2","d1","s7","t8","2C",20.9,7.27
"71","f8","r1","d1","s8","t7","2D",22.5,7.27
"72","f8","r2","d1","s8","t8","2D",21.5,7.27
"73","f8","r1","d1","s8","t7","2D",21.8,7.27
"74","f8","r2","d1","s8","t8","2D",20.8,7.27
"75","f8","r1","d1","s8","t7","2D",22.3,7.27
"76","f8","r2","d1","s8","t8","2D",21.4,7.27
"77","f8","r1","d1","s8","t7","2D",22.2,7.27
"78","f8","r2","d1","s8","t8","2D",21.2,7.27
"79","f8","r1","d1","s8","t7","2D",22.7,7.27
"80","f8","r2","d1","s8","t8","2D",21.6,7.27
"81","f9","r1","d1","s9","t7","3A",23.4,7.27
"82","f9","r2","d1","s9","t8","3A",22.2,7.27
"83","f9","r1","d1","s9","t7","3A",21.4,7.27
"84","f9","r2","d1","s9","t8","3A",22.6,7.27
"85","f9","r1","d1","s9","t7","3A",22.9,7.27
"86","f9","r2","d1","s9","t8","3A",22.8,7.27
"87","f9","r1","d1","s9","t7","3A",22.7,7.27
"88","f9","r2","d1","s9","t8","3A",23.4,7.27
"89","f9","r1","d1","s9","t7","3A",21.9,7.27
"90","f9","r2","d1","s9","t8","3A",21.8,7.27
"91","f10","r1","d1","s10","t7","3B",23.3,7.27
"92","f10","r2","d1","s10","t8","3B",21.9,7.27
"93","f10","r1","d1","s10","t7","3B",22.5,7.27
"94","f10","r2","d1","s10","t8","3B",21.8,7.27
"95","f10","r1","d1","s10","t7","3B",21.5,7.27
"96","f10","r2","d1","s10","t8","3B",21,7.27
"97","f10","r1","d1","s10","t7","3B",22.4,7.27
"98","f10","r2","d1","s10","t8","3B",21.9,7.27
"99","f10","r1","d1","s10","t7","3B",23.1,7.27
"100","f10","r2","d1","s10","t8","3B",20.8,7.27
"101","f11","r1","d1","s11","t7","3C",22.9,7.27
"102","f11","r2","d1","s11","t8","3C",21.8,7.27
"103","f11","r1","d1","s11","t7","3C",22.8,7.27
"104","f11","r2","d1","s11","t8","3C",21.6,7.27
"105","f11","r1","d1","s11","t7","3C",22.4,7.27
"106","f11","r2","d1","s11","t8","3C",20.9,7.27
"107","f11","r1","d1","s11","t7","3C",22.8,7.27
"108","f11","r2","d1","s11","t8","3C",22.3,7.27
"109","f11","r1","d1","s11","t7","3C",22.9,7.27
"110","f11","r2","d1","s11","t8","3C",21.6,7.27
"111","f12","r1","d2","s1","t6","1A",22.7,7.97
"112","f12","r2","d2","s1","t9","1A",22.6,7.97
"113","f12","r1","d2","s1","t6","1A",22.5,7.97
"114","f12","r2","d2","s1","t9","1A",22.5,7.97
"115","f12","r1","d2","s1","t6","1A",23.5,7.97
"116","f12","r2","d2","s1","t9","1A",21.9,7.97
"117","f12","r1","d2","s1","t6","1A",24,7.97
"118","f12","r2","d2","s1","t9","1A",23.1,7.97
"119","f12","r1","d2","s1","t6","1A",22.5,7.97
"120","f12","r2","d2","s1","t9","1A",22.6,7.97
"121","f13","r1","d2","s2","t6","1B",24.6,7.97
"122","f13","r2","d2","s2","t9","1B",23.6,7.97
"123","f13","r1","d2","s2","t6","1B",24.1,7.97
"124","f13","r2","d2","s2","t9","1B",22.8,7.97
"125","f13","r1","d2","s2","t6","1B",23.5,7.97
"126","f13","r2","d2","s2","t9","1B",22.6,7.97
"127","f13","r1","d2","s2","t6","1B",24.4,7.97
"128","f13","r2","d2","s2","t9","1B",23.1,7.97
"129","f13","r1","d2","s2","t6","1B",24,7.97
"130","f13","r2","d2","s2","t9","1B",22.7,7.97
"131","f14","r1","d2","s3","t6","1C",23.5,7.97
"132","f14","r2","d2","s3","t9","1C",22.6,7.97
"133","f14","r1","d2","s3","t6","1C",24.8,7.97
"134","f14","r2","d2","s3","t9","1C",23.6,7.97
"135","f14","r1","d2","s3","t6","1C",22.8,7.97
"136","f14","r2","d2","s3","t9","1C",23.1,7.97
"137","f14","r1","d2","s3","t6","1C",23.1,7.97
"138","f14","r2","d2","s3","t9","1C",22.9,7.97
"139","f14","r1","d2","s3","t6","1C",23.9,7.97
"140","f14","r2","d2","s3","t9","1C",22.6,7.97
"141","f15","r1","d2","s4","t6","1D",23.8,7.97
"142","f15","r2","d2","s4","t9","1D",22.4,7.97
"143","f15","r1","d2","s4","t6","1D",24.5,7.97
"144","f15","r2","d2","s4","t9","1D",22.6,7.97
"145","f15","r1","d2","s4","t6","1D",23.5,7.97
"146","f15","r2","d2","s4","t9","1D",22.6,7.97
"147","f15","r1","d2","s4","t6","1D",24.1,7.97
"148","f15","r2","d2","s4","t9","1D",22.9,7.97
"149","f15","r1","d2","s4","t6","1D",24.3,7.97
"150","f15","r2","d2","s4","t9","1D",23.1,7.97
"151","f16","r1","d2","s5","t6","2A",24.5,7.97
"152","f16","r2","d2","s5","t9","2A",23.1,7.97
"153","f16","r1","d2","s5","t6","2A",24.5,7.97
"154","f16","r2","d2","s5","t9","2A",22.6,7.97
"155","f16","r1","d2","s5","t6","2A",23,7.97
"156","f16","r2","d2","s5","t9","2A",21.9,7.97
"157","f16","r1","d2","s5","t6","2A",23.8,7.97
"158","f16","r2","d2","s5","t9","2A",22.7,7.97
"159","f16","r1","d2","s5","t6","2A",23.9,7.97
"160","f16","r2","d2","s5","t9","2A",23.2,7.97
"161","f17","r1","d2","s6","t6","2B",24.1,7.97
"162","f17","r2","d2","s6","t9","2B",23.1,7.97
"163","f17","r1","d2","s6","t6","2B",22.8,7.97
"164","f17","r2","d2","s6","t9","2B",22.6,7.97
"165","f17","r1","d2","s6","t6","2B",24,7.97
"166","f17","r2","d2","s6","t9","2B",22.4,7.97
"167","f17","r1","d2","s6","t6","2B",23.9,7.97
"168","f17","r2","d2","s6","t9","2B",23.1,7.97
"169","f17","r1","d2","s6","t6","2B",24.2,7.97
"170","f17","r2","d2","s6","t9","2B",22.3,7.97
"171","f18","r1","d2","s7","t6","2C",24,7.97
"172","f18","r2","d2","s7","t9","2C",22.7,7.97
"173","f18","r1","d2","s7","t6","2C",23.5,7.97
"174","f18","r2","d2","s7","t9","2C",23.1,7.97
"175","f18","r1","d2","s7","t6","2C",24.1,7.97
"176","f18","r2","d2","s7","t9","2C",22.6,7.97
"177","f18","r1","d2","s7","t6","2C",24.2,7.97
"178","f18","r2","d2","s7","t9","2C",22.8,7.97
"179","f18","r1","d2","s7","t6","2C",23.9,7.97
"180","f18","r2","d2","s7","t9","2C",23.4,7.97
"181","f19","r1","d2","s8","t6","2D",23.1,7.97
"182","f19","r2","d2","s8","t9","2D",22.2,7.97
"183","f19","r1","d2","s8","t6","2D",23.4,7.97
"184","f19","r2","d2","s8","t9","2D",24.2,7.97
"185","f19","r1","d2","s8","t6","2D",22.7,7.97
"186","f19","r2","d2","s8","t9","2D",23.6,7.97
"187","f19","r1","d2","s8","t6","2D",22.9,7.97
"188","f19","r2","d2","s8","t9","2D",22.8,7.97
"189","f19","r1","d2","s8","t6","2D",23.2,7.97
"190","f19","r2","d2","s8","t9","2D",23.1,7.97
"191","f20","r1","d2","s9","t6","3A",23.3,7.97
"192","f20","r2","d2","s9","t9","3A",22.2,7.97
"193","f20","r1","d2","s9","t6","3A",23.8,7.97
"194","f20","r2","d2","s9","t9","3A",23,7.97
"195","f20","r1","d2","s9","t6","3A",23.5,7.97
"196","f20","r2","d2","s9","t9","3A",22.8,7.97
"197","f20","r1","d2","s9","t6","3A",23.9,7.97
"198","f20","r2","d2","s9","t9","3A",23.4,7.97
"199","f20","r1","d2","s9","t6","3A",23.4,7.97
"200","f20","r2","d2","s9","t9","3A",22.6,7.97
"201","f21","r1","d2","s10","t6","3B",25.6,7.97
"202","f21","r2","d2","s10","t9","3B",21.6,7.97
"203","f21","r1","d2","s10","t6","3B",23.1,7.97
"204","f21","r2","d2","s10","t9","3B",21.4,7.97
"205","f21","r1","d2","s10","t6","3B",21.7,7.97
"206","f21","r2","d2","s10","t9","3B",21,7.97
"207","f21","r1","d2","s10","t6","3B",23.5,7.97
"208","f21","r2","d2","s10","t9","3B",22.2,7.97
"209","f21","r1","d2","s10","t6","3B",24.4,7.97
"210","f21","r2","d2","s10","t9","3B",21.8,7.97
"211","f22","r1","d2","s11","t6","3C",24,7.97
"212","f22","r2","d2","s11","t9","3C",21.6,7.97
"213","f22","r1","d2","s11","t6","3C",24.8,7.97
"214","f22","r2","d2","s11","t9","3C",21.8,7.97
"215","f22","r1","d2","s11","t6","3C",23.6,7.97
"216","f22","r2","d2","s11","t9","3C",20.9,7.97
"217","f22","r1","d2","s11","t6","3C",23.4,7.97
"218","f22","r2","d2","s11","t9","3C",20.7,7.97
"219","f22","r1","d2","s11","t6","3C",23.9,7.97
"220","f22","r2","d2","s11","t9","3C",22.1,7.97
"221","f23","r1","d3","s1","t7","3D",23.2,7.24
"222","f23","r2","d3","s1","t8","3D",23.2,7.24
"223","f23","r1","d3","s1","t7","3D",21.5,7.24
"224","f23","r2","d3","s1","t8","3D",22.4,7.24
"225","f23","r1","d3","s1","t7","3D",22.9,7.24
"226","f23","r2","d3","s1","t8","3D",21.8,7.24
"227","f23","r1","d3","s1","t7","3D",22.8,7.24
"228","f23","r2","d3","s1","t8","3D",24.2,7.24
"229","f23","r1","d3","s1","t7","3D",23.1,7.24
"230","f23","r2","d3","s1","t8","3D",24.8,7.24
"231","f24","r1","d3","s2","t7","4A",23.8,7.24
"232","f24","r2","d3","s2","t8","4A",21.8,7.24
"233","f24","r1","d3","s2","t7","4A",22.4,7.24
"234","f24","r2","d3","s2","t8","4A",21.6,7.24
"235","f24","r1","d3","s2","t7","4A",23.3,7.24
"236","f24","r2","d3","s2","t8","4A",21.4,7.24
"237","f24","r1","d3","s2","t7","4A",23.4,7.24
"238","f24","r2","d3","s2","t8","4A",21.2,7.24
"239","f24","r1","d3","s2","t7","4A",23.7,7.24
"240","f24","r2","d3","s2","t8","4A",21.8,7.24
"241","f25","r1","d3","s3","t7","4B",22.7,7.24
"242","f25","r2","d3","s3","t8","4B",21.6,7.24
"243","f25","r1","d3","s3","t7","4B",22.6,7.24
"244","f25","r2","d3","s3","t8","4B",20.8,7.24
"245","f25","r1","d3","s3","t7","4B",21.7,7.24
"246","f25","r2","d3","s3","t8","4B",21.8,7.24
"247","f25","r1","d3","s3","t7","4B",21.9,7.24
"248","f25","r2","d3","s3","t8","4B",20.1,7.24
"249","f25","r1","d3","s3","t7","4B",22.8,7.24
"250","f25","r2","d3","s3","t8","4B",20.9,7.24
"251","f26","r1","d3","s4","t7","4C",21.9,7.24
"252","f26","r2","d3","s4","t8","4C",21.6,7.24
"253","f26","r1","d3","s4","t7","4C",21.8,7.24
"254","f26","r2","d3","s4","t8","4C",21.9,7.24
"255","f26","r1","d3","s4","t7","4C",23,7.24
"256","f26","r2","d3","s4","t8","4C",20.6,7.24
"257","f26","r1","d3","s4","t7","4C",22,7.24
"258","f26","r2","d3","s4","t8","4C",23.1,7.24
"259","f26","r1","d3","s4","t7","4C",21.6,7.24
"260","f26","r2","d3","s4","t8","4C",20.6,7.24
"261","f27","r1","d3","s5","t7","4D",24.7,7.24
"262","f27","r2","d3","s5","t8","4D",21.8,7.24
"263","f27","r1","d3","s5","t7","4D",24,7.24
"264","f27","r2","d3","s5","t8","4D",21.6,7.24
"265","f27","r1","d3","s5","t7","4D",23.1,7.24
"266","f27","r2","d3","s5","t8","4D",20.9,7.24
"267","f27","r1","d3","s5","t7","4D",24.2,7.24
"268","f27","r2","d3","s5","t8","4D",21.8,7.24
"269","f27","r1","d3","s5","t7","4D",23.5,7.24
"270","f27","r2","d3","s5","t8","4D",22.4,7.24
"271","f28","r1","d3","s6","t6","3D",22,7.24
"272","f28","r2","d3","s6","t9","3D",20.8,7.24
"273","f28","r1","d3","s6","t6","3D",21.8,7.24
"274","f28","r2","d3","s6","t9","3D",21.2,7.24
"275","f28","r1","d3","s6","t6","3D",22.2,7.24
"276","f28","r2","d3","s6","t9","3D",20.4,7.24
"277","f28","r1","d3","s6","t6","3D",22.4,7.24
"278","f28","r2","d3","s6","t9","3D",20.6,7.24
"279","f28","r1","d3","s6","t6","3D",21.5,7.24
"280","f28","r2","d3","s6","t9","3D",20.4,7.24
"281","f29","r1","d3","s7","t6","4A",24.2,7.24
"282","f29","r2","d3","s7","t9","4A",21.5,7.24
"283","f29","r1","d3","s7","t6","4A",23,7.24
"284","f29","r2","d3","s7","t9","4A",22.2,7.24
"285","f29","r1","d3","s7","t6","4A",22.4,7.24
"286","f29","r2","d3","s7","t9","4A",20.9,7.24
"287","f29","r1","d3","s7","t6","4A",22.8,7.24
"288","f29","r2","d3","s7","t9","4A",21.6,7.24
"289","f29","r1","d3","s7","t6","4A",22.9,7.24
"290","f29","r2","d3","s7","t9","4A",22.4,7.24
"291","f30","r1","d3","s8","t6","4B",23.9,7.24
"292","f30","r2","d3","s8","t9","4B",20.4,7.24
"293","f30","r1","d3","s8","t6","4B",23.1,7.24
"294","f30","r2","d3","s8","t9","4B",19.9,7.24
"295","f30","r1","d3","s8","t6","4B",21.5,7.24
"296","f30","r2","d3","s8","t9","4B",19.6,7.24
"297","f30","r1","d3","s8","t6","4B",22.8,7.24
"298","f30","r2","d3","s8","t9","4B",20.8,7.24
"299","f30","r1","d3","s8","t6","4B",23.6,7.24
"300","f30","r2","d3","s8","t9","4B",21,7.24
"301","f31","r1","d3","s9","t6","4C",22.5,7.24
"302","f31","r2","d3","s9","t9","4C",21,7.24
"303","f31","r1","d3","s9","t6","4C",22.3,7.24
"304","f31","r2","d3","s9","t9","4C",22.6,7.24
"305","f31","r1","d3","s9","t6","4C",20.8,7.24
"306","f31","r2","d3","s9","t9","4C",22,7.24
"307","f31","r1","d3","s9","t6","4C",22.1,7.24
"308","f31","r2","d3","s9","t9","4C",22.2,7.24
"309","f31","r1","d3","s9","t6","4C",21.9,7.24
"310","f31","r2","d3","s9","t9","4C",21.8,7.24
"311","f32","r1","d3","s10","t6","4D",22.6,7.24
"312","f32","r2","d3","s10","t9","4D",21,7.24
"313","f32","r1","d3","s10","t6","4D",22.4,7.24
"314","f32","r2","d3","s10","t9","4D",21.1,7.24
"315","f32","r1","d3","s10","t6","4D",22.7,7.24
"316","f32","r2","d3","s10","t9","4D",21.4,7.24
"317","f32","r1","d3","s10","t6","4D",22.5,7.24
"318","f32","r2","d3","s10","t9","4D",21,7.24
"319","f32","r1","d3","s10","t6","4D",22.8,7.24
"320","f32","r2","d3","s10","t9","4D",22,7.24
"321","f33","r1","d3","s11","t5","1A",24.1,7.24
"322","f33","r2","d3","s11","t10","1A",21.5,7.24
"323","f33","r1","d3","s11","t5","1A",22.3,7.24
"324","f33","r2","d3","s11","t10","1A",21.2,7.24
"325","f33","r1","d3","s11","t5","1A",21.9,7.24
"326","f33","r2","d3","s11","t10","1A",21.4,7.24
"327","f33","r1","d3","s11","t5","1A",23.2,7.24
"328","f33","r2","d3","s11","t10","1A",20.8,7.24
"329","f33","r1","d3","s11","t5","1A",23.9,7.24
"330","f33","r2","d3","s11","t10","1A",22.4,7.24
"331","f34","r1","d4","s1","t5","1B",22.5,7.53
"332","f34","r2","d4","s1","t10","1B",20.8,7.53
"333","f34","r1","d4","s1","t5","1B",23.3,7.53
"334","f34","r2","d4","s1","t10","1B",22.2,7.53
"335","f34","r1","d4","s1","t5","1B",22.7,7.53
"336","f34","r2","d4","s1","t10","1B",22,7.53
"337","f34","r1","d4","s1","t5","1B",22.9,7.53
"338","f34","r2","d4","s1","t10","1B",22.4,7.53
"339","f34","r1","d4","s1","t5","1B",23.1,7.53
"340","f34","r2","d4","s1","t10","1B",21,7.53
"341","f35","r1","d4","s2","t5","1C",22.1,7.53
"342","f35","r2","d4","s2","t10","1C",19.9,7.53
"343","f35","r1","d4","s2","t5","1C",21.8,7.53
"344","f35","r2","d4","s2","t10","1C",20.4,7.53
"345","f35","r1","d4","s2","t5","1C",22.4,7.53
"346","f35","r2","d4","s2","t10","1C",21.4,7.53
"347","f35","r1","d4","s2","t5","1C",21.7,7.53
"348","f35","r2","d4","s2","t10","1C",22.1,7.53
"349","f35","r1","d4","s2","t5","1C",22.4,7.53
"350","f35","r2","d4","s2","t10","1C",21.8,7.53
"351","f36","r1","d4","s3","t5","1D",21.6,7.53
"352","f36","r2","d4","s3","t10","1D",21.9,7.53
"353","f36","r1","d4","s3","t5","1D",22.8,7.53
"354","f36","r2","d4","s3","t10","1D",23.3,7.53
"355","f36","r1","d4","s3","t5","1D",22.9,7.53
"356","f36","r2","d4","s3","t10","1D",22.6,7.53
"357","f36","r1","d4","s3","t5","1D",22.4,7.53
"358","f36","r2","d4","s3","t10","1D",22.4,7.53
"359","f36","r1","d4","s3","t5","1D",22.4,7.53
"360","f36","r2","d4","s3","t10","1D",21.6,7.53
"361","f37","r1","d4","s4","t5","2A",21.1,7.53
"362","f37","r2","d4","s4","t10","2A",21.4,7.53
"363","f37","r1","d4","s4","t5","2A",19.8,7.53
"364","f37","r2","d4","s4","t10","2A",21.6,7.53
"365","f37","r1","d4","s4","t5","2A",20.1,7.53
"366","f37","r2","d4","s4","t10","2A",22.4,7.53
"367","f37","r1","d4","s4","t5","2A",19.7,7.53
"368","f37","r2","d4","s4","t10","2A",22.8,7.53
"369","f37","r1","d4","s4","t5","2A",20.4,7.53
"370","f37","r2","d4","s4","t10","2A",21.9,7.53
"371","f38","r1","d4","s5","t5","2B",22.3,7.53
"372","f38","r2","d4","s5","t10","2B",22.8,7.53
"373","f38","r1","d4","s5","t5","2B",21.9,7.53
"374","f38","r2","d4","s5","t10","2B",22,7.53
"375","f38","r1","d4","s5","t5","2B",22.2,7.53
"376","f38","r2","d4","s5","t10","2B",22.6,7.53
"377","f38","r1","d4","s5","t5","2B",22,7.53
"378","f38","r2","d4","s5","t10","2B",22.4,7.53
"379","f38","r1","d4","s5","t5","2B",22.4,7.53
"380","f38","r2","d4","s5","t10","2B",22.2,7.53
"381","f39","r1","d4","s6","t5","2C",20.8,7.53
"382","f39","r2","d4","s6","t10","2C",20.3,7.53
"383","f39","r1","d4","s6","t5","2C",22.5,7.53
"384","f39","r2","d4","s6","t10","2C",21.1,7.53
"385","f39","r1","d4","s6","t5","2C",22.7,7.53
"386","f39","r2","d4","s6","t10","2C",21.4,7.53
"387","f39","r1","d4","s6","t5","2C",21.9,7.53
"388","f39","r2","d4","s6","t10","2C",20.8,7.53
"389","f39","r1","d4","s6","t5","2C",23,7.53
"390","f39","r2","d4","s6","t10","2C",20.4,7.53
"391","f40","r1","d4","s7","t5","2D",21.9,7.53
"392","f40","r2","d4","s7","t10","2D",21.9,7.53
"393","f40","r1","d4","s7","t5","2D",22.2,7.53
"394","f40","r2","d4","s7","t10","2D",22.3,7.53
"395","f40","r1","d4","s7","t5","2D",22.4,7.53
"396","f40","r2","d4","s7","t10","2D",22.6,7.53
"397","f40","r1","d4","s7","t5","2D",22.9,7.53
"398","f40","r2","d4","s7","t10","2D",22.4,7.53
"399","f40","r1","d4","s7","t5","2D",21.8,7.53
"400","f40","r2","d4","s7","t10","2D",21.6,7.53
"401","f41","r1","d4","s8","t5","3A",21.8,7.53
"402","f41","r2","d4","s8","t10","3A",22,7.53
"403","f41","r1","d4","s8","t5","3A",20.9,7.53
"404","f41","r2","d4","s8","t10","3A",22.4,7.53
"405","f41","r1","d4","s8","t5","3A",22,7.53
"406","f41","r2","d4","s8","t10","3A",21.9,7.53
"407","f41","r1","d4","s8","t5","3A",21.9,7.53
"408","f41","r2","d4","s8","t10","3A",21.8,7.53
"409","f41","r1","d4","s8","t5","3A",22.2,7.53
"410","f41","r2","d4","s8","t10","3A",21.6,7.53
"411","f42","r1","d4","s9","t5","3B",21,7.53
"412","f42","r2","d4","s9","t10","3B",21.5,7.53
"413","f42","r1","d4","s9","t5","3B",21.4,7.53
"414","f42","r2","d4","s9","t10","3B",21.5,7.53
"415","f42","r1","d4","s9","t5","3B",20.8,7.53
"416","f42","r2","d4","s9","t10","3B",21.8,7.53
"417","f42","r1","d4","s9","t5","3B",20.9,7.53
"418","f42","r2","d4","s9","t10","3B",22.6,7.53
"419","f42","r1","d4","s9","t5","3B",21.4,7.53
"420","f42","r2","d4","s9","t10","3B",22.4,7.53
"421","f43","r1","d4","s10","t5","3C",21.1,7.53
"422","f43","r2","d4","s10","t10","3C",20.1,7.53
"423","f43","r1","d4","s10","t5","3C",22,7.53
"424","f43","r2","d4","s10","t10","3C",20.5,7.53
"425","f43","r1","d4","s10","t5","3C",20.5,7.53
"426","f43","r2","d4","s10","t10","3C",20.7,7.53
"427","f43","r1","d4","s10","t5","3C",22.1,7.53
"428","f43","r2","d4","s10","t10","3C",20,7.53
"429","f43","r1","d4","s10","t5","3C",21.9,7.53
"430","f43","r2","d4","s10","t10","3C",21.1,7.53
"431","f44","r1","d4","s11","t5","3D",21.2,7.53
"432","f44","r2","d4","s11","t10","3D",22.2,7.53
"433","f44","r1","d4","s11","t5","3D",20,7.53
"434","f44","r2","d4","s11","t10","3D",21.4,7.53
"435","f44","r1","d4","s11","t5","3D",21.9,7.53
"436","f44","r2","d4","s11","t10","3D",21.3,7.53
"437","f44","r1","d4","s11","t5","3D",20.9,7.53
"438","f44","r2","d4","s11","t10","3D",21,7.53
"439","f44","r1","d4","s11","t5","3D",21.4,7.53
"440","f44","r2","d4","s11","t10","3D",21.2,7.53
"441","f45","r1","d5","s1","t5","4A",22,7.89
"442","f45","r2","d5","s1","t10","4A",22.6,7.89
"443","f45","r1","d5","s1","t5","4A",23.4,7.89
"444","f45","r2","d5","s1","t10","4A",22.8,7.89
"445","f45","r1","d5","s1","t5","4A",23.3,7.89
"446","f45","r2","d5","s1","t10","4A",22.4,7.89
"447","f45","r1","d5","s1","t5","4A",22.8,7.89
"448","f45","r2","d5","s1","t10","4A",22.9,7.89
"449","f45","r1","d5","s1","t5","4A",23.1,7.89
"450","f45","r2","d5","s1","t10","4A",22.6,7.89
"451","f46","r1","d5","s2","t5","4B",24.8,7.89
"452","f46","r2","d5","s2","t10","4B",22.7,7.89
"453","f46","r1","d5","s2","t5","4B",23,7.89
"454","f46","r2","d5","s2","t10","4B",22.3,7.89
"455","f46","r1","d5","s2","t5","4B",23,7.89
"456","f46","r2","d5","s2","t10","4B",22.1,7.89
"457","f46","r1","d5","s2","t5","4B",23.1,7.89
"458","f46","r2","d5","s2","t10","4B",21.8,7.89
"459","f46","r1","d5","s2","t5","4B",23.8,7.89
"460","f46","r2","d5","s2","t10","4B",22.9,7.89
"461","f47","r1","d5","s3","t5","4C",24,7.89
"462","f47","r2","d5","s3","t10","4C",23.8,7.89
"463","f47","r1","d5","s3","t5","4C",23.8,7.89
"464","f47","r2","d5","s3","t10","4C",23,7.89
"465","f47","r1","d5","s3","t5","4C",22.6,7.89
"466","f47","r2","d5","s3","t10","4C",22.6,7.89
"467","f47","r1","d5","s3","t5","4C",23.1,7.89
"468","f47","r2","d5","s3","t10","4C",22.9,7.89
"469","f47","r1","d5","s3","t5","4C",24.2,7.89
"470","f47","r2","d5","s3","t10","4C",23.6,7.89
"471","f48","r1","d5","s4","t5","4D",24.8,7.89
"472","f48","r2","d5","s4","t10","4D",21.9,7.89
"473","f48","r1","d5","s4","t5","4D",23.9,7.89
"474","f48","r2","d5","s4","t10","4D",22.4,7.89
"475","f48","r1","d5","s4","t5","4D",22.6,7.89
"476","f48","r2","d5","s4","t10","4D",22.3,7.89
"477","f48","r1","d5","s4","t5","4D",23.1,7.89
"478","f48","r2","d5","s4","t10","4D",22,7.89
"479","f48","r1","d5","s4","t5","4D",24.2,7.89
"480","f48","r2","d5","s4","t10","4D",21.8,7.89
"481","f49","r1","d5","s5","t4","1A",22.5,7.89
"482","f49","r2","d5","s5","t14","1A",22.8,7.89
"483","f49","r1","d5","s5","t4","1A",21.9,7.89
"484","f49","r2","d5","s5","t14","1A",22.6,7.89
"485","f49","r1","d5","s5","t4","1A",23.7,7.89
"486","f49","r2","d5","s5","t14","1A",22.4,7.89
"487","f49","r1","d5","s5","t4","1A",22.7,7.89
"488","f49","r2","d5","s5","t14","1A",21.9,7.89
"489","f49","r1","d5","s5","t4","1A",23.1,7.89
"490","f49","r2","d5","s5","t14","1A",23.2,7.89
"491","f50","r1","d5","s6","t4","1B",24.2,7.89
"492","f50","r2","d5","s6","t14","1B",22.8,7.89
"493","f50","r1","d5","s6","t4","1B",23.5,7.89
"494","f50","r2","d5","s6","t14","1B",22.4,7.89
"495","f50","r1","d5","s6","t4","1B",23,7.89
"496","f50","r2","d5","s6","t14","1B",27.8,7.89
"497","f50","r1","d5","s6","t4","1B",22.9,7.89
"498","f50","r2","d5","s6","t14","1B",22.4,7.89
"499","f50","r1","d5","s6","t4","1B",23.4,7.89
"500","f50","r2","d5","s6","t14","1B",21.9,7.89
"501","f51","r1","d5","s7","t4","1C",23.1,7.89
"502","f51","r2","d5","s7","t14","1C",23.6,7.89
"503","f51","r1","d5","s7","t4","1C",21.4,7.89
"504","f51","r2","d5","s7","t14","1C",22.6,7.89
"505","f51","r1","d5","s7","t4","1C",23.6,7.89
"506","f51","r2","d5","s7","t14","1C",22.8,7.89
"507","f51","r1","d5","s7","t4","1C",22.8,7.89
"508","f51","r2","d5","s7","t14","1C",22.2,7.89
"509","f51","r1","d5","s7","t4","1C",22.9,7.89
"510","f51","r2","d5","s7","t14","1C",23,7.89
"511","f52","r1","d5","s8","t4","1D",21.9,7.89
"512","f52","r2","d5","s8","t14","1D",24.8,7.89
"513","f52","r1","d5","s8","t4","1D",22.4,7.89
"514","f52","r2","d5","s8","t14","1D",24.8,7.89
"515","f52","r1","d5","s8","t4","1D",22.5,7.89
"516","f52","r2","d5","s8","t14","1D",23.2,7.89
"517","f52","r1","d5","s8","t4","1D",23.1,7.89
"518","f52","r2","d5","s8","t14","1D",23.9,7.89
"519","f52","r1","d5","s8","t4","1D",22.8,7.89
"520","f52","r2","d5","s8","t14","1D",24.1,7.89
"521","f53","r1","d5","s9","t4","2A",22.6,7.89
"522","f53","r2","d5","s9","t14","2A",21.9,7.89
"523","f53","r1","d5","s9","t4","2A",23.6,7.89
"524","f53","r2","d5","s9","t14","2A",22.8,7.89
"525","f53","r1","d5","s9","t4","2A",23.1,7.89
"526","f53","r2","d5","s9","t14","2A",22.6,7.89
"527","f53","r1","d5","s9","t4","2A",22.9,7.89
"528","f53","r2","d5","s9","t14","2A",21.7,7.89
"529","f53","r1","d5","s9","t4","2A",23,7.89
"530","f53","r2","d5","s9","t14","2A",22.6,7.89
"531","f54","r1","d5","s10","t4","2B",22.5,7.89
"532","f54","r2","d5","s10","t14","2B",23,7.89
"533","f54","r1","d5","s10","t4","2B",21.6,7.89
"534","f54","r2","d5","s10","t14","2B",22.6,7.89
"535","f54","r1","d5","s10","t4","2B",22.4,7.89
"536","f54","r2","d5","s10","t14","2B",22.8,7.89
"537","f54","r1","d5","s10","t4","2B",22.6,7.89
"538","f54","r2","d5","s10","t14","2B",23.4,7.89
"539","f54","r1","d5","s10","t4","2B",22,7.89
"540","f54","r2","d5","s10","t14","2B",23.1,7.89
"541","f55","r1","d5","s11","t4","2C",22.6,7.89
"542","f55","r2","d5","s11","t14","2C",22.5,7.89
"543","f55","r1","d5","s11","t4","2C",22.7,7.89
"544","f55","r2","d5","s11","t14","2C",22.4,7.89
"545","f55","r1","d5","s11","t4","2C",22.4,7.89
"546","f55","r2","d5","s11","t14","2C",21.8,7.89
"547","f55","r1","d5","s11","t4","2C",22.1,7.89
"548","f55","r2","d5","s11","t14","2C",21,7.89
"549","f55","r1","d5","s11","t4","2C",22.9,7.89
"550","f55","r2","d5","s11","t14","2C",21.4,7.89
"551","f56","r1","d6","s1","t4","2D",22.7,7.76
"552","f56","r2","d6","s1","t14","2D",21,7.76
"553","f56","r1","d6","s1","t4","2D",21.9,7.76
"554","f56","r2","d6","s1","t14","2D",22.6,7.76
"555","f56","r1","d6","s1","t4","2D",21.7,7.76
"556","f56","r2","d6","s1","t14","2D",22.8,7.76
"557","f56","r1","d6","s1","t4","2D",22,7.76
"558","f56","r2","d6","s1","t14","2D",22.6,7.76
"559","f56","r1","d6","s1","t4","2D",21.9,7.76
"560","f56","r2","d6","s1","t14","2D",22,7.76
"561","f57","r1","d6","s2","t4","3A",23.4,7.76
"562","f57","r2","d6","s2","t14","3A",22.2,7.76
"563","f57","r1","d6","s2","t4","3A",22,7.76
"564","f57","r2","d6","s2","t14","3A",21.9,7.76
"565","f57","r1","d6","s2","t4","3A",21.7,7.76
"566","f57","r2","d6","s2","t14","3A",22.8,7.76
"567","f57","r1","d6","s2","t4","3A",21.6,7.76
"568","f57","r2","d6","s2","t14","3A",21.9,7.76
"569","f57","r1","d6","s2","t4","3A",22,7.76
"570","f57","r2","d6","s2","t14","3A",22.7,7.76
"571","f58","r1","d6","s3","t4","3B",22,7.76
"572","f58","r2","d6","s3","t14","3B",22.4,7.76
"573","f58","r1","d6","s3","t4","3B",20.3,7.76
"574","f58","r2","d6","s3","t14","3B",21.4,7.76
"575","f58","r1","d6","s3","t4","3B",21.6,7.76
"576","f58","r2","d6","s3","t14","3B",22,7.76
"577","f58","r1","d6","s3","t4","3B",21.4,7.76
"578","f58","r2","d6","s3","t14","3B",22.2,7.76
"579","f58","r1","d6","s3","t4","3B",22.1,7.76
"580","f58","r2","d6","s3","t14","3B",22.6,7.76
"581","f59","r1","d6","s4","t4","3C",21.5,7.76
"582","f59","r2","d6","s4","t14","3C",23.1,7.76
"583","f59","r1","d6","s4","t4","3C",21.9,7.76
"584","f59","r2","d6","s4","t14","3C",21.5,7.76
"585","f59","r1","d6","s4","t4","3C",21,7.76
"586","f59","r2","d6","s4","t14","3C",22.4,7.76
"587","f59","r1","d6","s4","t4","3C",22.2,7.76
"588","f59","r2","d6","s4","t14","3C",22.6,7.76
"589","f59","r1","d6","s4","t4","3C",21.7,7.76
"590","f59","r2","d6","s4","t14","3C",21.9,7.76
"591","f60","r1","d6","s5","t4","3D",21.7,7.76
"592","f60","r2","d6","s5","t14","3D",22.1,7.76
"593","f60","r1","d6","s5","t4","3D",19.9,7.76
"594","f60","r2","d6","s5","t14","3D",21.6,7.76
"595","f60","r1","d6","s5","t4","3D",22.1,7.76
"596","f60","r2","d6","s5","t14","3D",21.8,7.76
"597","f60","r1","d6","s5","t4","3D",22.4,7.76
"598","f60","r2","d6","s5","t14","3D",22.4,7.76
"599","f60","r1","d6","s5","t4","3D",20.9,7.76
"600","f60","r2","d6","s5","t14","3D",21.9,7.76
"601","f61","r1","d6","s6","t4","4A",22.9,7.76
"602","f61","r2","d6","s6","t14","4A",22.2,7.76
"603","f61","r1","d6","s6","t4","4A",22.5,7.76
"604","f61","r2","d6","s6","t14","4A",23,7.76
"605","f61","r1","d6","s6","t4","4A",21.7,7.76
"606","f61","r2","d6","s6","t14","4A",22.8,7.76
"607","f61","r1","d6","s6","t4","4A",22.4,7.76
"608","f61","r2","d6","s6","t14","4A",22.7,7.76
"609","f61","r1","d6","s6","t4","4A",22.6,7.76
"610","f61","r2","d6","s6","t14","4A",22,7.76
"611","f62","r1","d6","s7","t4","4B",22.7,7.76
"612","f62","r2","d6","s7","t14","4B",22.8,7.76
"613","f62","r1","d6","s7","t4","4B",22.3,7.76
"614","f62","r2","d6","s7","t14","4B",22.6,7.76
"615","f62","r1","d6","s7","t4","4B",22.3,7.76
"616","f62","r2","d6","s7","t14","4B",22.4,7.76
"617","f62","r1","d6","s7","t4","4B",22.8,7.76
"618","f62","r2","d6","s7","t14","4B",21.9,7.76
"619","f62","r1","d6","s7","t4","4B",22.1,7.76
"620","f62","r2","d6","s7","t14","4B",23.2,7.76
"621","f63","r1","d6","s8","t4","4C",21.4,7.76
"622","f63","r2","d6","s8","t14","4C",21.8,7.76
"623","f63","r1","d6","s8","t4","4C",22.2,7.76
"624","f63","r2","d6","s8","t14","4C",21.4,7.76
"625","f63","r1","d6","s8","t4","4C",22.8,7.76
"626","f63","r2","d6","s8","t14","4C",22.8,7.76
"627","f63","r1","d6","s8","t4","4C",22.6,7.76
"628","f63","r2","d6","s8","t14","4C",22.6,7.76
"629","f63","r1","d6","s8","t4","4C",22.4,7.76
"630","f63","r2","d6","s8","t14","4C",21.4,7.76
"631","f64","r1","d6","s9","t4","4D",22.3,7.76
"632","f64","r2","d6","s9","t14","4D",20.9,7.76
"633","f64","r1","d6","s9","t4","4D",22.2,7.76
"634","f64","r2","d6","s9","t14","4D",21.2,7.76
"635","f64","r1","d6","s9","t4","4D",22.5,7.76
"636","f64","r2","d6","s9","t14","4D",22.8,7.76
"637","f64","r1","d6","s9","t4","4D",22.2,7.76
"638","f64","r2","d6","s9","t14","4D",21.9,7.76
"639","f64","r1","d6","s9","t4","4D",22.6,7.76
"640","f64","r2","d6","s9","t14","4D",20.1,7.76
"641","f65","r1","d6","s10","t3","1A",21.5,7.76
"642","f65","r2","d6","s10","t13","1A",23,7.76
"643","f65","r1","d6","s10","t3","1A",22.6,7.76
"644","f65","r2","d6","s10","t13","1A",20.5,7.76
"645","f65","r1","d6","s10","t3","1A",20.5,7.76
"646","f65","r2","d6","s10","t13","1A",21.6,7.76
"647","f65","r1","d6","s10","t3","1A",20.2,7.76
"648","f65","r2","d6","s10","t13","1A",22.8,7.76
"649","f65","r1","d6","s10","t3","1A",19.9,7.76
"650","f65","r2","d6","s10","t13","1A",20.9,7.76
"651","f66","r1","d6","s11","t3","1B",21.4,7.76
"652","f66","r2","d6","s11","t13","1B",22.8,7.76
"653","f66","r1","d6","s11","t3","1B",22.2,7.76
"654","f66","r2","d6","s11","t13","1B",21.5,7.76
"655","f66","r1","d6","s11","t3","1B",22.8,7.76
"656","f66","r2","d6","s11","t13","1B",21.6,7.76
"657","f66","r1","d6","s11","t3","1B",22.5,7.76
"658","f66","r2","d6","s11","t13","1B",22.6,7.76
"659","f66","r1","d6","s11","t3","1B",22.6,7.76
"660","f66","r2","d6","s11","t13","1B",22,7.76
"661","f67","r1","d7","s1","t3","1C",21.3,7.49
"662","f67","r2","d7","s1","t13","1C",22.2,7.49
"663","f67","r1","d7","s1","t3","1C",23.8,7.49
"664","f67","r2","d7","s1","t13","1C",23,7.49
"665","f67","r1","d7","s1","t3","1C",22.4,7.49
"666","f67","r2","d7","s1","t13","1C",23.4,7.49
"667","f67","r1","d7","s1","t3","1C",22.1,7.49
"668","f67","r2","d7","s1","t13","1C",22.1,7.49
"669","f67","r1","d7","s1","t3","1C",21.6,7.49
"670","f67","r2","d7","s1","t13","1C",22.8,7.49
"671","f68","r1","d7","s2","t3","1D",22.2,7.49
"672","f68","r2","d7","s2","t13","1D",21.2,7.49
"673","f68","r1","d7","s2","t3","1D",21,7.49
"674","f68","r2","d7","s2","t13","1D",21.8,7.49
"675","f68","r1","d7","s2","t3","1D",22,7.49
"676","f68","r2","d7","s2","t13","1D",22.4,7.49
"677","f68","r1","d7","s2","t3","1D",21.9,7.49
"678","f68","r2","d7","s2","t13","1D",22.9,7.49
"679","f68","r1","d7","s2","t3","1D",22.4,7.49
"680","f68","r2","d7","s2","t13","1D",20.2,7.49
"681","f69","r1","d7","s3","t3","2A",22.4,7.49
"682","f69","r2","d7","s3","t13","2A",23,7.49
"683","f69","r1","d7","s3","t3","2A",22.6,7.49
"684","f69","r2","d7","s3","t13","2A",22.8,7.49
"685","f69","r1","d7","s3","t3","2A",22.6,7.49
"686","f69","r2","d7","s3","t13","2A",23.4,7.49
"687","f69","r1","d7","s3","t3","2A",22.4,7.49
"688","f69","r2","d7","s3","t13","2A",22.1,7.49
"689","f69","r1","d7","s3","t3","2A",22.5,7.49
"690","f69","r2","d7","s3","t13","2A",22.4,7.49
"691","f70","r1","d7","s4","t3","2B",22,7.49
"692","f70","r2","d7","s4","t13","2B",22.6,7.49
"693","f70","r1","d7","s4","t3","2B",23.8,7.49
"694","f70","r2","d7","s4","t13","2B",22.4,7.49
"695","f70","r1","d7","s4","t3","2B",22.6,7.49
"696","f70","r2","d7","s4","t13","2B",23.4,7.49
"697","f70","r1","d7","s4","t3","2B",22.9,7.49
"698","f70","r2","d7","s4","t13","2B",23,7.49
"699","f70","r1","d7","s4","t3","2B",22.4,7.49
"700","f70","r2","d7","s4","t13","2B",23.4,7.49
"701","f71","r1","d7","s5","t3","2C",22.3,7.49
"702","f71","r2","d7","s5","t13","2C",22,7.49
"703","f71","r1","d7","s5","t3","2C",22.1,7.49
"704","f71","r2","d7","s5","t13","2C",23,7.49
"705","f71","r1","d7","s5","t3","2C",22.1,7.49
"706","f71","r2","d7","s5","t13","2C",22.6,7.49
"707","f71","r1","d7","s5","t3","2C",22,7.49
"708","f71","r2","d7","s5","t13","2C",22.4,7.49
"709","f71","r1","d7","s5","t3","2C",22,7.49
"710","f71","r2","d7","s5","t13","2C",23.2,7.49
"711","f72","r1","d7","s6","t3","2D",20.8,7.49
"712","f72","r2","d7","s6","t13","2D",21.2,7.49
"713","f72","r1","d7","s6","t3","2D",22.8,7.49
"714","f72","r2","d7","s6","t13","2D",21.4,7.49
"715","f72","r1","d7","s6","t3","2D",21.7,7.49
"716","f72","r2","d7","s6","t13","2D",21,7.49
"717","f72","r1","d7","s6","t3","2D",21.9,7.49
"718","f72","r2","d7","s6","t13","2D",20.9,7.49
"719","f72","r1","d7","s6","t3","2D",22.1,7.49
"720","f72","r2","d7","s6","t13","2D",21.8,7.49
"721","f73","r1","d7","s7","t3","3A",21,7.49
"722","f73","r2","d7","s7","t13","3A",21.5,7.49
"723","f73","r1","d7","s7","t3","3A",21.9,7.49
"724","f73","r2","d7","s7","t13","3A",22.8,7.49
"725","f73","r1","d7","s7","t3","3A",22,7.49
"726","f73","r2","d7","s7","t13","3A",21.8,7.49
"727","f73","r1","d7","s7","t3","3A",22.4,7.49
"728","f73","r2","d7","s7","t13","3A",22.4,7.49
"729","f73","r1","d7","s7","t3","3A",22.6,7.49
"730","f73","r2","d7","s7","t13","3A",21.4,7.49
"731","f74","r1","d7","s8","t3","3B",21.5,7.49
"732","f74","r2","d7","s8","t13","3B",22.5,7.49
"733","f74","r1","d7","s8","t3","3B",20.6,7.49
"734","f74","r2","d7","s8","t13","3B",22.4,7.49
"735","f74","r1","d7","s8","t3","3B",21.4,7.49
"736","f74","r2","d7","s8","t13","3B",21.8,7.49
"737","f74","r1","d7","s8","t3","3B",22,7.49
"738","f74","r2","d7","s8","t13","3B",20.4,7.49
"739","f74","r1","d7","s8","t3","3B",21.3,7.49
"740","f74","r2","d7","s8","t13","3B",22.6,7.49
"741","f75","r1","d7","s9","t3","3C",21,7.49
"742","f75","r2","d7","s9","t13","3C",22.3,7.49
"743","f75","r1","d7","s9","t3","3C",21.8,7.49
"744","f75","r2","d7","s9","t13","3C",21.8,7.49
"745","f75","r1","d7","s9","t3","3C",20.8,7.49
"746","f75","r2","d7","s9","t13","3C",21.6,7.49
"747","f75","r1","d7","s9","t3","3C",21.2,7.49
"748","f75","r2","d7","s9","t13","3C",22.4,7.49
"749","f75","r1","d7","s9","t3","3C",21.7,7.49
"750","f75","r2","d7","s9","t13","3C",21.9,7.49
"751","f76","r1","d7","s10","t3","3D",22.3,7.49
"752","f76","r2","d7","s10","t13","3D",23.5,7.49
"753","f76","r1","d7","s10","t3","3D",21.6,7.49
"754","f76","r2","d7","s10","t13","3D",21.9,7.49
"755","f76","r1","d7","s10","t3","3D",21.9,7.49
"756","f76","r2","d7","s10","t13","3D",22.4,7.49
"757","f76","r1","d7","s10","t3","3D",22.4,7.49
"758","f76","r2","d7","s10","t13","3D",22,7.49
"759","f76","r1","d7","s10","t3","3D",22.6,7.49
"760","f76","r2","d7","s10","t13","3D",23.1,7.49
"761","f77","r1","d7","s11","t3","4A",21.2,7.49
"762","f77","r2","d7","s11","t13","4A",23.5,7.49
"763","f77","r1","d7","s11","t3","4A",21,7.49
"764","f77","r2","d7","s11","t13","4A",23,7.49
"765","f77","r1","d7","s11","t3","4A",22.7,7.49
"766","f77","r2","d7","s11","t13","4A",22.6,7.49
"767","f77","r1","d7","s11","t3","4A",21.9,7.49
"768","f77","r2","d7","s11","t13","4A",22.8,7.49
"769","f77","r1","d7","s11","t3","4A",21,7.49
"770","f77","r2","d7","s11","t13","4A",22.9,7.49
"771","f78","r1","d8","s1","t3","4B",23.1,8.04
"772","f78","r2","d8","s1","t13","4B",21.9,8.04
"773","f78","r1","d8","s1","t3","4B",22.4,8.04
"774","f78","r2","d8","s1","t13","4B",22,8.04
"775","f78","r1","d8","s1","t3","4B",23.2,8.04
"776","f78","r2","d8","s1","t13","4B",22.3,8.04
"777","f78","r1","d8","s1","t3","4B",23,8.04
"778","f78","r2","d8","s1","t13","4B",19.9,8.04
"779","f78","r1","d8","s1","t3","4B",22.9,8.04
"780","f78","r2","d8","s1","t13","4B",21.9,8.04
"781","f79","r1","d8","s2","t3","4C",21.9,8.04
"782","f79","r2","d8","s2","t13","4C",22.6,8.04
"783","f79","r1","d8","s2","t3","4C",21.7,8.04
"784","f79","r2","d8","s2","t13","4C",22.4,8.04
"785","f79","r1","d8","s2","t3","4C",22.8,8.04
"786","f79","r2","d8","s2","t13","4C",22.8,8.04
"787","f79","r1","d8","s2","t3","4C",20.6,8.04
"788","f79","r2","d8","s2","t13","4C",22.8,8.04
"789","f79","r1","d8","s2","t3","4C",21.2,8.04
"790","f79","r2","d8","s2","t13","4C",23.2,8.04
"791","f80","r1","d8","s3","t3","4D",22.7,8.04
"792","f80","r2","d8","s3","t13","4D",23.8,8.04
"793","f80","r1","d8","s3","t3","4D",22.4,8.04
"794","f80","r2","d8","s3","t13","4D",23,8.04
"795","f80","r1","d8","s3","t3","4D",23.1,8.04
"796","f80","r2","d8","s3","t13","4D",24.1,8.04
"797","f80","r1","d8","s3","t3","4D",22.8,8.04
"798","f80","r2","d8","s3","t13","4D",22.4,8.04
"799","f80","r1","d8","s3","t3","4D",22.9,8.04
"800","f80","r2","d8","s3","t13","4D",22.6,8.04
"801","f81","r1","d8","s4","t2","1A",22,8.04
"802","f81","r2","d8","s4","t12","1A",23.1,8.04
"803","f81","r1","d8","s4","t2","1A",21.3,8.04
"804","f81","r2","d8","s4","t12","1A",23.2,8.04
"805","f81","r1","d8","s4","t2","1A",21.6,8.04
"806","f81","r2","d8","s4","t12","1A",22.8,8.04
"807","f81","r1","d8","s4","t2","1A",22.4,8.04
"808","f81","r2","d8","s4","t12","1A",23.6,8.04
"809","f81","r1","d8","s4","t2","1A",21,8.04
"810","f81","r2","d8","s4","t12","1A",22.4,8.04
"811","f82","r1","d8","s5","t2","1B",22.8,8.04
"812","f82","r2","d8","s5","t12","1B",23.6,8.04
"813","f82","r1","d8","s5","t2","1B",23.1,8.04
"814","f82","r2","d8","s5","t12","1B",24.4,8.04
"815","f82","r1","d8","s5","t2","1B",22.7,8.04
"816","f82","r2","d8","s5","t12","1B",23.6,8.04
"817","f82","r1","d8","s5","t2","1B",23.2,8.04
"818","f82","r2","d8","s5","t12","1B",22.9,8.04
"819","f82","r1","d8","s5","t2","1B",22.6,8.04
"820","f82","r2","d8","s5","t12","1B",23.6,8.04
"821","f83","r1","d8","s6","t2","1C",22.8,8.04
"822","f83","r2","d8","s6","t12","1C",18.9,8.04
"823","f83","r1","d8","s6","t2","1C",22.4,8.04
"824","f83","r2","d8","s6","t12","1C",20.2,8.04
"825","f83","r1","d8","s6","t2","1C",22.5,8.04
"826","f83","r2","d8","s6","t12","1C",21,8.04
"827","f83","r1","d8","s6","t2","1C",21.9,8.04
"828","f83","r2","d8","s6","t12","1C",19.4,8.04
"829","f83","r1","d8","s6","t2","1C",22.8,8.04
"830","f83","r2","d8","s6","t12","1C",18,8.04
"831","f84","r1","d8","s7","t2","1D",24.8,8.04
"832","f84","r2","d8","s7","t12","1D",18.9,8.04
"833","f84","r1","d8","s7","t2","1D",22.3,8.04
"834","f84","r2","d8","s7","t12","1D",19.2,8.04
"835","f84","r1","d8","s7","t2","1D",22.7,8.04
"836","f84","r2","d8","s7","t12","1D",19.4,8.04
"837","f84","r1","d8","s7","t2","1D",22,8.04
"838","f84","r2","d8","s7","t12","1D",18.6,8.04
"839","f84","r1","d8","s7","t2","1D",22.2,8.04
"840","f84","r2","d8","s7","t12","1D",19.9,8.04
"841","f85","r1","d8","s8","t2","2A",22.3,8.04
"842","f85","r2","d8","s8","t12","2A",21,8.04
"843","f85","r1","d8","s8","t2","2A",21.7,8.04
"844","f85","r2","d8","s8","t12","2A",21.2,8.04
"845","f85","r1","d8","s8","t2","2A",22.5,8.04
"846","f85","r2","d8","s8","t12","2A",20.1,8.04
"847","f85","r1","d8","s8","t2","2A",21.9,8.04
"848","f85","r2","d8","s8","t12","2A",19.9,8.04
"849","f85","r1","d8","s8","t2","2A",22.2,8.04
"850","f85","r2","d8","s8","t12","2A",21.4,8.04
"851","f86","r1","d8","s9","t2","2B",21.4,8.04
"852","f86","r2","d8","s9","t12","2B",21.5,8.04
"853","f86","r1","d8","s9","t2","2B",21.8,8.04
"854","f86","r2","d8","s9","t12","2B",22.1,8.04
"855","f86","r1","d8","s9","t2","2B",22.4,8.04
"856","f86","r2","d8","s9","t12","2B",22.4,8.04
"857","f86","r1","d8","s9","t2","2B",21.9,8.04
"858","f86","r2","d8","s9","t12","2B",22,8.04
"859","f86","r1","d8","s9","t2","2B",22.6,8.04
"860","f86","r2","d8","s9","t12","2B",21.3,8.04
"861","f87","r1","d8","s10","t2","2C",23.8,8.04
"862","f87","r2","d8","s10","t12","2C",21.8,8.04
"863","f87","r1","d8","s10","t2","2C",23,8.04
"864","f87","r2","d8","s10","t12","2C",22.2,8.04
"865","f87","r1","d8","s10","t2","2C",21.8,8.04
"866","f87","r2","d8","s10","t12","2C",21.9,8.04
"867","f87","r1","d8","s10","t2","2C",22.6,8.04
"868","f87","r2","d8","s10","t12","2C",22.6,8.04
"869","f87","r1","d8","s10","t2","2C",22.9,8.04
"870","f87","r2","d8","s10","t12","2C",20.9,8.04
"871","f88","r1","d8","s11","t2","2D",23.4,8.04
"872","f88","r2","d8","s11","t12","2D",23.6,8.04
"873","f88","r1","d8","s11","t2","2D",22.9,8.04
"874","f88","r2","d8","s11","t12","2D",24.2,8.04
"875","f88","r1","d8","s11","t2","2D",23,8.04
"876","f88","r2","d8","s11","t12","2D",23.8,8.04
"877","f88","r1","d8","s11","t2","2D",22,8.04
"878","f88","r2","d8","s11","t12","2D",23,8.04
"879","f88","r1","d8","s11","t2","2D",22.3,8.04
"880","f88","r2","d8","s11","t12","2D",24,8.04
"881","f89","r1","d9","s1","t2","3A",22.2,7.82
"882","f89","r2","d9","s1","t12","3A",22.1,7.82
"883","f89","r1","d9","s1","t2","3A",21.7,7.82
"884","f89","r2","d9","s1","t12","3A",22.4,7.82
"885","f89","r1","d9","s1","t2","3A",22.5,7.82
"886","f89","r2","d9","s1","t12","3A",22.3,7.82
"887","f89","r1","d9","s1","t2","3A",21.9,7.82
"888","f89","r2","d9","s1","t12","3A",22.1,7.82
"889","f89","r1","d9","s1","t2","3A",22.2,7.82
"890","f89","r2","d9","s1","t12","3A",20.9,7.82
"891","f90","r1","d9","s2","t2","3B",21.4,7.82
"892","f90","r2","d9","s2","t12","3B",23.5,7.82
"893","f90","r1","d9","s2","t2","3B",21.8,7.82
"894","f90","r2","d9","s2","t12","3B",22.2,7.82
"895","f90","r1","d9","s2","t2","3B",22.4,7.82
"896","f90","r2","d9","s2","t12","3B",21.6,7.82
"897","f90","r1","d9","s2","t2","3B",21.9,7.82
"898","f90","r2","d9","s2","t12","3B",22.8,7.82
"899","f90","r1","d9","s2","t2","3B",22.6,7.82
"900","f90","r2","d9","s2","t12","3B",21.9,7.82
"901","f91","r1","d9","s3","t2","3C",23.8,7.82
"902","f91","r2","d9","s3","t12","3C",23.5,7.82
"903","f91","r1","d9","s3","t2","3C",23,7.82
"904","f91","r2","d9","s3","t12","3C",22.5,7.82
"905","f91","r1","d9","s3","t2","3C",21.8,7.82
"906","f91","r2","d9","s3","t12","3C",22.8,7.82
"907","f91","r1","d9","s3","t2","3C",22.6,7.82
"908","f91","r2","d9","s3","t12","3C",23.4,7.82
"909","f91","r1","d9","s3","t2","3C",22.9,7.82
"910","f91","r2","d9","s3","t12","3C",22.4,7.82
"911","f92","r1","d9","s4","t2","3D",23.4,7.82
"912","f92","r2","d9","s4","t12","3D",22.4,7.82
"913","f92","r1","d9","s4","t2","3D",22.9,7.82
"914","f92","r2","d9","s4","t12","3D",22.8,7.82
"915","f92","r1","d9","s4","t2","3D",23,7.82
"916","f92","r2","d9","s4","t12","3D",23.1,7.82
"917","f92","r1","d9","s4","t2","3D",23.2,7.82
"918","f92","r2","d9","s4","t12","3D",23.4,7.82
"919","f92","r1","d9","s4","t2","3D",23.1,7.82
"920","f92","r2","d9","s4","t12","3D",22.8,7.82
"921","f93","r1","d9","s5","t2","4A",21.9,7.82
"922","f93","r2","d9","s5","t12","4A",22.9,7.82
"923","f93","r1","d9","s5","t2","4A",22.3,7.82
"924","f93","r2","d9","s5","t12","4A",21.8,7.82
"925","f93","r1","d9","s5","t2","4A",21.8,7.82
"926","f93","r2","d9","s5","t12","4A",22.6,7.82
"927","f93","r1","d9","s5","t2","4A",21.6,7.82
"928","f93","r2","d9","s5","t12","4A",21.7,7.82
"929","f93","r1","d9","s5","t2","4A",22.6,7.82
"930","f93","r2","d9","s5","t12","4A",21,7.82
"931","f94","r1","d9","s6","t2","4B",24.5,7.82
"932","f94","r2","d9","s6","t12","4B",22.6,7.82
"933","f94","r1","d9","s6","t2","4B",22.9,7.82
"934","f94","r2","d9","s6","t12","4B",22.5,7.82
"935","f94","r1","d9","s6","t2","4B",23.2,7.82
"936","f94","r2","d9","s6","t12","4B",21.8,7.82
"937","f94","r1","d9","s6","t2","4B",22.8,7.82
"938","f94","r2","d9","s6","t12","4B",23,7.82
"939","f94","r1","d9","s6","t2","4B",22.7,7.82
"940","f94","r2","d9","s6","t12","4B",22.6,7.82
"941","f95","r1","d9","s7","t2","4C",22.9,7.82
"942","f95","r2","d9","s7","t12","4C",22,7.82
"943","f95","r1","d9","s7","t2","4C",23.3,7.82
"944","f95","r2","d9","s7","t12","4C",22.6,7.82
"945","f95","r1","d9","s7","t2","4C",23.2,7.82
"946","f95","r2","d9","s7","t12","4C",22.1,7.82
"947","f95","r1","d9","s7","t2","4C",22.8,7.82
"948","f95","r2","d9","s7","t12","4C",21.8,7.82
"949","f95","r1","d9","s7","t2","4C",23.4,7.82
"950","f95","r2","d9","s7","t12","4C",23.4,7.82
"951","f96","r1","d9","s8","t2","4D",21.2,7.82
"952","f96","r2","d9","s8","t12","4D",22.8,7.82
"953","f96","r1","d9","s8","t2","4D",22.8,7.82
"954","f96","r2","d9","s8","t12","4D",21.8,7.82
"955","f96","r1","d9","s8","t2","4D",21.7,7.82
"956","f96","r2","d9","s8","t12","4D",20.6,7.82
"957","f96","r1","d9","s8","t2","4D",22.4,7.82
"958","f96","r2","d9","s8","t12","4D",21.2,7.82
"959","f96","r1","d9","s8","t2","4D",22.3,7.82
"960","f96","r2","d9","s8","t12","4D",21.6,7.82
"961","f97","r1","d9","s9","t1","1A",21.7,7.82
"962","f97","r2","d9","s9","t11","1A",23.2,7.82
"963","f97","r1","d9","s9","t1","1A",22.8,7.82
"964","f97","r2","d9","s9","t11","1A",23.4,7.82
"965","f97","r1","d9","s9","t1","1A",21.9,7.82
"966","f97","r2","d9","s9","t11","1A",22.8,7.82
"967","f97","r1","d9","s9","t1","1A",23,7.82
"968","f97","r2","d9","s9","t11","1A",23.4,7.82
"969","f97","r1","d9","s9","t1","1A",22.6,7.82
"970","f97","r2","d9","s9","t11","1A",23,7.82
"971","f98","r1","d9","s10","t1","1B",22.5,7.82
"972","f98","r2","d9","s10","t11","1B",22.3,7.82
"973","f98","r1","d9","s10","t1","1B",22.8,7.82
"974","f98","r2","d9","s10","t11","1B",22,7.82
"975","f98","r1","d9","s10","t1","1B",22.6,7.82
"976","f98","r2","d9","s10","t11","1B",21.9,7.82
"977","f98","r1","d9","s10","t1","1B",23.1,7.82
"978","f98","r2","d9","s10","t11","1B",22.8,7.82
"979","f98","r1","d9","s10","t1","1B",22.2,7.82
"980","f98","r2","d9","s10","t11","1B",23.1,7.82
"981","f99","r1","d9","s11","t1","1C",21.4,7.82
"982","f99","r2","d9","s11","t11","1C",22.1,7.82
"983","f99","r1","d9","s11","t1","1C",21.6,7.82
"984","f99","r2","d9","s11","t11","1C",22.4,7.82
"985","f99","r1","d9","s11","t1","1C",22,7.82
"986","f99","r2","d9","s11","t11","1C",22.2,7.82
"987","f99","r1","d9","s11","t1","1C",21.4,7.82
"988","f99","r2","d9","s11","t11","1C",22.4,7.82
"989","f99","r1","d9","s11","t1","1C",21.8,7.82
"990","f99","r2","d9","s11","t11","1C",22.1,7.82
"991","f100","r1","d10","s1","t1","1D",21.9,7.51
"992","f100","r2","d10","s1","t11","1D",21.8,7.51
"993","f100","r1","d10","s1","t1","1D",22,7.51
"994","f100","r2","d10","s1","t11","1D",22,7.51
"995","f100","r1","d10","s1","t1","1D",22.1,7.51
"996","f100","r2","d10","s1","t11","1D",21.4,7.51
"997","f100","r1","d10","s1","t1","1D",21.8,7.51
"998","f100","r2","d10","s1","t11","1D",22.4,7.51
"999","f100","r1","d10","s1","t1","1D",21.7,7.51
"1000","f100","r2","d10","s1","t11","1D",22.3,7.51
"1001","f101","r1","d10","s2","t1","2A",20.6,7.51
"1002","f101","r2","d10","s2","t11","2A",21.6,7.51
"1003","f101","r1","d10","s2","t1","2A",20.8,7.51
"1004","f101","r2","d10","s2","t11","2A",21.8,7.51
"1005","f101","r1","d10","s2","t1","2A",21.2,7.51
"1006","f101","r2","d10","s2","t11","2A",22.4,7.51
"1007","f101","r1","d10","s2","t1","2A",21.1,7.51
"1008","f101","r2","d10","s2","t11","2A",22,7.51
"1009","f101","r1","d10","s2","t1","2A",20.6,7.51
"1010","f101","r2","d10","s2","t11","2A",21.8,7.51
"1011","f102","r1","d10","s3","t1","2B",21.5,7.51
"1012","f102","r2","d10","s3","t11","2B",22.6,7.51
"1013","f102","r1","d10","s3","t1","2B",21,7.51
"1014","f102","r2","d10","s3","t11","2B",21.6,7.51
"1015","f102","r1","d10","s3","t1","2B",21.2,7.51
"1016","f102","r2","d10","s3","t11","2B",21.8,7.51
"1017","f102","r1","d10","s3","t1","2B",20.8,7.51
"1018","f102","r2","d10","s3","t11","2B",22,7.51
"1019","f102","r1","d10","s3","t1","2B",21.9,7.51
"1020","f102","r2","d10","s3","t11","2B",22.4,7.51
"1021","f103","r1","d10","s4","t1","2C",23,7.51
"1022","f103","r2","d10","s4","t11","2C",20.2,7.51
"1023","f103","r1","d10","s4","t1","2C",22.6,7.51
"1024","f103","r2","d10","s4","t11","2C",20.8,7.51
"1025","f103","r1","d10","s4","t1","2C",22.1,7.51
"1026","f103","r2","d10","s4","t11","2C",20.8,7.51
"1027","f103","r1","d10","s4","t1","2C",22.8,7.51
"1028","f103","r2","d10","s4","t11","2C",20.6,7.51
"1029","f103","r1","d10","s4","t1","2C",22.6,7.51
"1030","f103","r2","d10","s4","t11","2C",20.4,7.51
"1031","f104","r1","d10","s5","t1","2D",22.6,7.51
"1032","f104","r2","d10","s5","t11","2D",22.5,7.51
"1033","f104","r1","d10","s5","t1","2D",21.8,7.51
"1034","f104","r2","d10","s5","t11","2D",22.2,7.51
"1035","f104","r1","d10","s5","t1","2D",22.4,7.51
"1036","f104","r2","d10","s5","t11","2D",22.2,7.51
"1037","f104","r1","d10","s5","t1","2D",21.9,7.51
"1038","f104","r2","d10","s5","t11","2D",22.4,7.51
"1039","f104","r1","d10","s5","t1","2D",22.8,7.51
"1040","f104","r2","d10","s5","t11","2D",22.1,7.51
"1041","f105","r1","d10","s6","t1","3A",22.2,7.51
"1042","f105","r2","d10","s6","t11","3A",22.9,7.51
"1043","f105","r1","d10","s6","t1","3A",22.1,7.51
"1044","f105","r2","d10","s6","t11","3A",20.6,7.51
"1045","f105","r1","d10","s6","t1","3A",21.9,7.51
"1046","f105","r2","d10","s6","t11","3A",21.2,7.51
"1047","f105","r1","d10","s6","t1","3A",22.8,7.51
"1048","f105","r2","d10","s6","t11","3A",21,7.51
"1049","f105","r1","d10","s6","t1","3A",23,7.51
"1050","f105","r2","d10","s6","t11","3A",20.9,7.51
"1051","f106","r1","d10","s7","t1","3B",21.4,7.51
"1052","f106","r2","d10","s7","t11","3B",21.6,7.51
"1053","f106","r1","d10","s7","t1","3B",20.4,7.51
"1054","f106","r2","d10","s7","t11","3B",20.1,7.51
"1055","f106","r1","d10","s7","t1","3B",21.6,7.51
"1056","f106","r2","d10","s7","t11","3B",20.8,7.51
"1057","f106","r1","d10","s7","t1","3B",21.8,7.51
"1058","f106","r2","d10","s7","t11","3B",21.4,7.51
"1059","f106","r1","d10","s7","t1","3B",20.8,7.51
"1060","f106","r2","d10","s7","t11","3B",21.6,7.51
"1061","f107","r1","d10","s8","t1","3C",22,7.51
"1062","f107","r2","d10","s8","t11","3C",21.5,7.51
"1063","f107","r1","d10","s8","t1","3C",21.6,7.51
"1064","f107","r2","d10","s8","t11","3C",21.8,7.51
"1065","f107","r1","d10","s8","t1","3C",21.8,7.51
"1066","f107","r2","d10","s8","t11","3C",22,7.51
"1067","f107","r1","d10","s8","t1","3C",22.4,7.51
"1068","f107","r2","d10","s8","t11","3C",21.6,7.51
"1069","f107","r1","d10","s8","t1","3C",21.9,7.51
"1070","f107","r2","d10","s8","t11","3C",21.4,7.51
"1071","f108","r1","d10","s9","t1","3D",21.6,7.51
"1072","f108","r2","d10","s9","t11","3D",21.9,7.51
"1073","f108","r1","d10","s9","t1","3D",21.8,7.51
"1074","f108","r2","d10","s9","t11","3D",21.9,7.51
"1075","f108","r1","d10","s9","t1","3D",20.9,7.51
"1076","f108","r2","d10","s9","t11","3D",22.4,7.51
"1077","f108","r1","d10","s9","t1","3D",22.1,7.51
"1078","f108","r2","d10","s9","t11","3D",22,7.51
"1079","f108","r1","d10","s9","t1","3D",21.8,7.51
"1080","f108","r2","d10","s9","t11","3D",22.1,7.51
"1081","f109","r1","d10","s10","t1","4A",20.8,7.51
"1082","f109","r2","d10","s10","t11","4A",22,7.51
"1083","f109","r1","d10","s10","t1","4A",21.6,7.51
"1084","f109","r2","d10","s10","t11","4A",21.4,7.51
"1085","f109","r1","d10","s10","t1","4A",19.8,7.51
"1086","f109","r2","d10","s10","t11","4A",20.6,7.51
"1087","f109","r1","d10","s10","t1","4A",20.6,7.51
"1088","f109","r2","d10","s10","t11","4A",22.1,7.51
"1089","f109","r1","d10","s10","t1","4A",20.9,7.51
"1090","f109","r2","d10","s10","t11","4A",20.8,7.51
"1091","f110","r1","d10","s11","t1","4B",22.7,7.51
"1092","f110","r2","d10","s11","t11","4B",20.8,7.51
"1093","f110","r1","d10","s11","t1","4B",22,7.51
"1094","f110","r2","d10","s11","t11","4B",21,7.51
"1095","f110","r1","d10","s11","t1","4B",23.1,7.51
"1096","f110","r2","d10","s11","t11","4B",19.9,7.51
"1097","f110","r1","d10","s11","t1","4B",22.8,7.51
"1098","f110","r2","d10","s11","t11","4B",21.1,7.51
"1099","f110","r1","d10","s11","t1","4B",22.6,7.51
"1100","f110","r2","d10","s11","t11","4B",20.6,7.51
"1101","f111","r1","d11","s1","t15","1A",22.6,7.85
"1102","f111","r2","d11","s1","t16","1A",22.6,7.85
"1103","f111","r1","d11","s1","t15","1A",23.1,7.85
"1104","f111","r2","d11","s1","t16","1A",22.9,7.85
"1105","f111","r1","d11","s1","t15","1A",22.7,7.85
"1106","f111","r2","d11","s1","t16","1A",22.6,7.85
"1107","f111","r1","d11","s1","t15","1A",22.2,7.85
"1108","f111","r2","d11","s1","t16","1A",22.7,7.85
"1109","f111","r1","d11","s1","t15","1A",23.4,7.85
"1110","f111","r2","d11","s1","t16","1A",22.9,7.85
"1111","f112","r1","d11","s2","t15","1B",21.7,7.85
"1112","f112","r2","d11","s2","t16","1B",21.8,7.85
"1113","f112","r1","d11","s2","t15","1B",21.8,7.85
"1114","f112","r2","d11","s2","t16","1B",21.1,7.85
"1115","f112","r1","d11","s2","t15","1B",21.6,7.85
"1116","f112","r2","d11","s2","t16","1B",20.3,7.85
"1117","f112","r1","d11","s2","t15","1B",21.6,7.85
"1118","f112","r2","d11","s2","t16","1B",20.9,7.85
"1119","f112","r1","d11","s2","t15","1B",21.7,7.85
"1120","f112","r2","d11","s2","t16","1B",21.7,7.85
"1121","f113","r1","d11","s3","t15","1C",20.1,7.85
"1122","f113","r2","d11","s3","t16","1C",20.7,7.85
"1123","f113","r1","d11","s3","t15","1C",20.8,7.85
"1124","f113","r2","d11","s3","t16","1C",20.9,7.85
"1125","f113","r1","d11","s3","t15","1C",21.4,7.85
"1126","f113","r2","d11","s3","t16","1C",21.2,7.85
"1127","f113","r1","d11","s3","t15","1C",21.5,7.85
"1128","f113","r2","d11","s3","t16","1C",22,7.85
"1129","f113","r1","d11","s3","t15","1C",21.1,7.85
"1130","f113","r2","d11","s3","t16","1C",21.7,7.85
"1131","f114","r1","d11","s4","t15","1D",19.9,7.85
"1132","f114","r2","d11","s4","t16","1D",21.3,7.85
"1133","f114","r1","d11","s4","t15","1D",20.9,7.85
"1134","f114","r2","d11","s4","t16","1D",21.1,7.85
"1135","f114","r1","d11","s4","t15","1D",20.8,7.85
"1136","f114","r2","d11","s4","t16","1D",21,7.85
"1137","f114","r1","d11","s4","t15","1D",21.8,7.85
"1138","f114","r2","d11","s4","t16","1D",21.8,7.85
"1139","f114","r1","d11","s4","t15","1D",22.7,7.85
"1140","f114","r2","d11","s4","t16","1D",21.5,7.85
"1141","f115","r1","d11","s5","t15","2A",23.1,7.85
"1142","f115","r2","d11","s5","t16","2A",21,7.85
"1143","f115","r1","d11","s5","t15","2A",22.8,7.85
"1144","f115","r2","d11","s5","t16","2A",19.9,7.85
"1145","f115","r1","d11","s5","t15","2A",22.7,7.85
"1146","f115","r2","d11","s5","t16","2A",20.7,7.85
"1147","f115","r1","d11","s5","t15","2A",22.6,7.85
"1148","f115","r2","d11","s5","t16","2A",20.5,7.85
"1149","f115","r1","d11","s5","t15","2A",21.9,7.85
"1150","f115","r2","d11","s5","t16","2A",21.6,7.85
"1151","f116","r1","d11","s6","t15","2B",22.4,7.85
"1152","f116","r2","d11","s6","t16","2B",23.2,7.85
"1153","f116","r1","d11","s6","t15","2B",22.6,7.85
"1154","f116","r2","d11","s6","t16","2B",22.8,7.85
"1155","f116","r1","d11","s6","t15","2B",23.1,7.85
"1156","f116","r2","d11","s6","t16","2B",22.6,7.85
"1157","f116","r1","d11","s6","t15","2B",21.9,7.85
"1158","f116","r2","d11","s6","t16","2B",21.8,7.85
"1159","f116","r1","d11","s6","t15","2B",21.7,7.85
"1160","f116","r2","d11","s6","t16","2B",21.9,7.85
"1161","f117","r1","d11","s7","t15","2C",23.1,7.85
"1162","f117","r2","d11","s7","t16","2C",21.1,7.85
"1163","f117","r1","d11","s7","t15","2C",24.8,7.85
"1164","f117","r2","d11","s7","t16","2C",22.1,7.85
"1165","f117","r1","d11","s7","t15","2C",23.4,7.85
"1166","f117","r2","d11","s7","t16","2C",22.4,7.85
"1167","f117","r1","d11","s7","t15","2C",22.6,7.85
"1168","f117","r2","d11","s7","t16","2C",20.8,7.85
"1169","f117","r1","d11","s7","t15","2C",21.9,7.85
"1170","f117","r2","d11","s7","t16","2C",21.4,7.85
"1171","f118","r1","d11","s8","t15","2D",22.9,7.85
"1172","f118","r2","d11","s8","t16","2D",22.6,7.85
"1173","f118","r1","d11","s8","t15","2D",21.9,7.85
"1174","f118","r2","d11","s8","t16","2D",23.7,7.85
"1175","f118","r1","d11","s8","t15","2D",21.7,7.85
"1176","f118","r2","d11","s8","t16","2D",24.1,7.85
"1177","f118","r1","d11","s8","t15","2D",21.6,7.85
"1178","f118","r2","d11","s8","t16","2D",20.5,7.85
"1179","f118","r1","d11","s8","t15","2D",23.1,7.85
"1180","f118","r2","d11","s8","t16","2D",21.6,7.85
"1181","f119","r1","d11","s9","t15","3A",22,7.85
"1182","f119","r2","d11","s9","t16","3A",20.5,7.85
"1183","f119","r1","d11","s9","t15","3A",21.8,7.85
"1184","f119","r2","d11","s9","t16","3A",21.5,7.85
"1185","f119","r1","d11","s9","t15","3A",20.5,7.85
"1186","f119","r2","d11","s9","t16","3A",20.7,7.85
"1187","f119","r1","d11","s9","t15","3A",20.7,7.85
"1188","f119","r2","d11","s9","t16","3A",20.8,7.85
"1189","f119","r1","d11","s9","t15","3A",21.8,7.85
"1190","f119","r2","d11","s9","t16","3A",20.9,7.85
"1191","f120","r1","d11","s10","t15","3B",22.4,7.85
"1192","f120","r2","d11","s10","t16","3B",22.5,7.85
"1193","f120","r1","d11","s10","t15","3B",23.2,7.85
"1194","f120","r2","d11","s10","t16","3B",20.9,7.85
"1195","f120","r1","d11","s10","t15","3B",23.1,7.85
"1196","f120","r2","d11","s10","t16","3B",22.8,7.85
"1197","f120","r1","d11","s10","t15","3B",22.8,7.85
"1198","f120","r2","d11","s10","t16","3B",21.9,7.85
"1199","f120","r1","d11","s10","t15","3B",21.9,7.85
"1200","f120","r2","d11","s10","t16","3B",22,7.85
"1201","f121","r1","d11","s11","t15","3C",21.9,7.85
"1202","f121","r2","d11","s11","t16","3C",22.4,7.85
"1203","f121","r1","d11","s11","t15","3C",20.8,7.85
"1204","f121","r2","d11","s11","t16","3C",22.5,7.85
"1205","f121","r1","d11","s11","t15","3C",23.2,7.85
"1206","f121","r2","d11","s11","t16","3C",22.8,7.85
"1207","f121","r1","d11","s11","t15","3C",20.9,7.85
"1208","f121","r2","d11","s11","t16","3C",22,7.85
"1209","f121","r1","d11","s11","t15","3C",21.8,7.85
"1210","f121","r2","d11","s11","t16","3C",23.1,7.85
