date,Treatment,fam.for.sorting,indiv.1to15,disposition,experiment,,checked.HG,,,
6/13/17,na,K01,6,ethanol,yolksac,,x,,,
6/13/17,na,K03,8,ethanol,yolksac,,x,,,
6/13/17,na,K04,10,ethanol,yolksac,,x,,,
6/13/17,na,K05,7,ethanol,yolksac,,x,,,
6/13/17,na,K06,7,ethanol,yolksac,,x,,,
6/13/17,na,K07,7,ethanol,yolksac,,x,,,
6/13/17,na,K08,10,ethanol,yolksac,,x,,,
6/13/17,na,K09,8,ethanol,yolksac,,x,,,
6/13/17,na,K10,8,ethanol,yolksac,,x,,,
6/13/17,na,K11,8,ethanol,yolksac,,x,,,
6/13/17,na,K12,9,ethanol,yolksac,,x,,,
6/13/17,na,K13,9,ethanol,yolksac,,x,,,
6/13/17,na,K14,9,ethanol,yolksac,,x,,,
6/13/17,na,K15,8,ethanol,yolksac,,x,,,
6/13/17,na,K16,9,ethanol,yolksac,,x,,,
6/15/17,na,O02,9,ethanol,yolksac,,x,,,
6/15/17,na,O03,34,ethanol,yolksac,,x,,,
6/15/17,na,O05,10,ethanol,yolksac,,x,,,
6/18/17,T1,K01,5,ethanol,yolksac,,x,,,
6/18/17,T1,K02,4,ethanol,yolksac,,x,,,
6/18/17,T1,K03,5,ethanol,yolksac,,x,,,
6/18/17,T1,K04,5,ethanol,yolksac,,x,,,
6/18/17,T1,K05,1,ethanol,yolksac,,x,,,
6/18/17,T1,K06,5,ethanol,yolksac,,x,,,
6/18/17,T1,K07,4,ethanol,yolksac,,x,,,
6/18/17,T1,K08,4,ethanol,yolksac,,x,,,
6/18/17,T1,K09,5,ethanol,yolksac,,x,,,
6/18/17,T1,K10,5,ethanol,yolksac,,x,,,
6/18/17,T1,K11,5,ethanol,yolksac,,x,,,
6/18/17,T1,K12,5,ethanol,yolksac,,x,,,
6/18/17,T1,K13,5,ethanol,yolksac,,x,,,
6/18/17,T1,K14,5,ethanol,yolksac,,x,,,
6/18/17,T1,K15,5,ethanol,yolksac,,x,,,
6/18/17,T1,K16,5,ethanol,yolksac,,x,,,
6/18/17,T2,K01,9,ethanol,yolksac,,x,,,
6/18/17,T2,K02,10,ethanol,yolksac,,x,,,
6/18/17,T2,K03,10,ethanol,yolksac,,x,,,
6/18/17,T2,K04,10,ethanol,yolksac,,x,,,
6/18/17,T2,K05,5,ethanol,yolksac,,x,,,
6/18/17,T2,K06,2,ethanol,yolksac,,x,,,
6/18/17,T2,K07,5,ethanol,yolksac,,x,,,
6/18/17,T2,K08,5,ethanol,yolksac,,x,,,
6/18/17,T2,K09,5,ethanol,yolksac,,x,,,
6/18/17,T2,K10,5,ethanol,yolksac,,x,,,
6/18/17,T2,K11,5,ethanol,yolksac,,x,,,
6/18/17,T2,K12,5,ethanol,yolksac,,x,,,
6/18/17,T2,K13,5,ethanol,yolksac,,x,,,
6/18/17,T2,K14,5,ethanol,yolksac,,x,,,
6/18/17,T2,K15,5,ethanol,yolksac,,x,,,
6/18/17,T2,K16,5,ethanol,yolksac,,x,,,
6/18/17,T3,K01,6,ethanol,yolksac,,x,,,
6/18/17,T3,K02,5,ethanol,yolksac,,x,,,
6/18/17,T3,K03,5,ethanol,yolksac,,x,,,
6/18/17,T3,K04,5,ethanol,yolksac,,x,,,
6/18/17,T3,K05,5,ethanol,yolksac,,x,,,
6/18/17,T3,K06,1,ethanol,yolksac,,x,,,
6/18/17,T3,K07,5,ethanol,yolksac,,x,,,
6/18/17,T3,K08,5,ethanol,yolksac,,x,,,
6/18/17,T3,K09,5,ethanol,yolksac,,x,,,
6/18/17,T3,K10,3,ethanol,yolksac,,x,,,
6/18/17,T3,K11,5,ethanol,yolksac,,x,,,
6/18/17,T3,K12,5,ethanol,yolksac,,x,,,
6/18/17,T3,K13,5,ethanol,yolksac,,x,,,
6/18/17,T3,K14,5,ethanol,yolksac,,x,,,
6/18/17,T3,K15,6,ethanol,yolksac,,x,,,
6/18/17,T3,K16,5,ethanol,yolksac,,x,,,
6/19/17,T1,O01,5,ethanol,yolksac,,x,,,
6/19/17,T1,O02,5,ethanol,yolksac,,x,,,
6/19/17,T1,O04,5,ethanol,yolksac,,x,,,
6/19/17,T1,O05,3,ethanol,yolksac,,x,,,
6/19/17,T1,O06,5,ethanol,yolksac,,x,,,
6/19/17,T2,O01,5,ethanol,yolksac,,x,,,
6/19/17,T2,O02,5,ethanol,yolksac,,x,,,
6/19/17,T2,O04,5,ethanol,yolksac,,x,,,
6/19/17,T2,O05,2,ethanol,yolksac,,x,,,
6/19/17,T2,O06,5,ethanol,yolksac,,x,,,
6/19/17,T3,O01,5,ethanol,yolksac,,x,,,
6/19/17,T3,O02,5,ethanol,yolksac,,x,,,
6/19/17,T3,O04,5,ethanol,yolksac,,x,,,
6/19/17,T3,O06,5,ethanol,yolksac,,x,,,
6/23/17,T1,K01,10,ethanol,yolksac,,x,,,
6/23/17,T1,K02,10,ethanol,yolksac,,x,,,
6/23/17,T1,K03,10,ethanol,yolksac,,x,,,
6/23/17,T1,K04,9,ethanol,yolksac,,x,,,
6/23/17,T1,K05,5,ethanol,yolksac,,x,,,
6/23/17,T1,K06,5,ethanol,yolksac,,x,,,
6/23/17,T1,K07,10,ethanol,yolksac,,x,,,
6/23/17,T1,K08,10,ethanol,yolksac,,x,,,
6/23/17,T1,K09,11,ethanol,yolksac,,x,,,
6/23/17,T1,K10,10,ethanol,yolksac,,x,,,
6/23/17,T1,K11,10,ethanol,yolksac,,x,,,
6/23/17,T1,K12,10,ethanol,yolksac,,x,,,
6/23/17,T1,K13,10,ethanol,yolksac,,x,,,
6/23/17,T1,K14,10,ethanol,yolksac,,x,,,
6/23/17,T1,K15,10,ethanol,yolksac,,x,,,
6/23/17,T1,K16,10,ethanol,yolksac,,x,,,
6/23/17,T1,O01,10,ethanol,yolksac,,x,,,
6/23/17,T1,O02,10,ethanol,yolksac,,x,,,
6/23/17,T1,O04,10,ethanol,yolksac,,x,,,
6/23/17,T1,O05,2,ethanol,yolksac,,x,,,
6/23/17,T1,O06,10,ethanol,yolksac,,x,,,
6/23/17,T2,K01,9,ethanol,yolksac,,x,,,
6/23/17,T2,K02,9,ethanol,yolksac,,x,,,
6/23/17,T2,K03,10,ethanol,yolksac,,x,,,
6/23/17,T2,K04,11,ethanol,yolksac,,x,,,
6/23/17,T2,K05,10,ethanol,yolksac,,x,,,
6/23/17,T2,K06,5,ethanol,yolksac,,x,,,
6/23/17,T2,K07,10,ethanol,yolksac,,x,,,
6/23/17,T2,K08,10,ethanol,yolksac,,x,,,
6/23/17,T2,K09,10,ethanol,yolksac,,x,,,
6/23/17,T2,K10,10,ethanol,yolksac,,x,,,
6/23/17,T2,K11,10,ethanol,yolksac,,x,,,
6/23/17,T2,K12,10,ethanol,yolksac,,x,,,
6/23/17,T2,K13,10,ethanol,yolksac,,x,,,
6/23/17,T2,K14,10,ethanol,yolksac,,x,,,
6/23/17,T2,K15,10,ethanol,yolksac,,x,,,
6/23/17,T2,K16,10,ethanol,yolksac,,x,,,
6/23/17,T2,O01,10,ethanol,yolksac,,x,,,
6/23/17,T2,O02,10,ethanol,yolksac,,x,,,
6/23/17,T2,O04,5,ethanol,yolksac,,x,,,
6/23/17,T2,O05,5,ethanol,yolksac,,x,,,
6/23/17,T2,O06,10,ethanol,yolksac,,x,,,
6/23/17,T3,K01,9,ethanol,yolksac,,x,,,
6/23/17,T3,K02,5,ethanol,yolksac,,x,,,
6/23/17,T3,K03,10,ethanol,yolksac,,x,,,
6/23/17,T3,K04,9,ethanol,yolksac,,x,,,
6/23/17,T3,K05,9,ethanol,yolksac,,x,,,
6/23/17,T3,K06,4,ethanol,yolksac,,x,,,
6/23/17,T3,K08,8,ethanol,yolksac,,x,,,
6/23/17,T3,K09,10,ethanol,yolksac,,x,,,
6/23/17,T3,K10,9,ethanol,yolksac,,x,,,
6/23/17,T3,K11,9,ethanol,yolksac,,x,,,
6/23/17,T3,K12,10,ethanol,yolksac,,x,,,
6/23/17,T3,K13,20,ethanol,yolksac,,x,,,
6/23/17,T3,K14,10,ethanol,yolksac,,x,,,
6/23/17,T3,K15,8,ethanol,yolksac,,x,,,
6/23/17,T3,K16,10,ethanol,yolksac,,x,,,
6/23/17,T3,O01,10,ethanol,yolksac,,x,,,
6/23/17,T3,O04,4,ethanol,yolksac,,x,,,
6/28/17,T1,K01,10,ethanol,yolksac,,,,,
6/28/17,T1,K02,10,ethanol,yolksac,,,,,
6/28/17,T1,K03,10,ethanol,yolksac,,,,,
6/28/17,T1,K04,10,ethanol,yolksac,,,,,
6/28/17,T1,K05,10,ethanol,yolksac,,,,,
6/28/17,T1,K06,5,ethanol,yolksac,,,,,
6/28/17,T1,K07,10,ethanol,yolksac,,,,,
6/28/17,T1,K08,10,ethanol,yolksac,,,,,
6/28/17,T1,K09,11,ethanol,yolksac,,,,,
6/28/17,T1,K10,10,ethanol,yolksac,,,,,
6/28/17,T1,K11,10,ethanol,yolksac,,,,,
6/28/17,T1,K13,10,ethanol,yolksac,,,,,
6/28/17,T1,K14,10,ethanol,yolksac,,,,,
6/28/17,T1,K15,10,ethanol,yolksac,,,,,
6/28/17,T1,K16,10,ethanol,yolksac,,,,,
6/28/17,T1,O06,9,ethanol,yolksac,,,,,
6/28/17,T2,K01,10,live,growth,,,,,
6/28/17,T2,K01,11,ethanol,yolksac,,,,,
6/28/17,T2,K02,1,ethanol,growth,,,,,
6/28/17,T2,K02,10,live,growth,,,,,
6/28/17,T2,K02,9,ethanol,yolksac,,,,,
6/28/17,T2,K03,10,live,growth,,,,,
6/28/17,T2,K04,10,live,growth,,,,,
6/28/17,T2,K05,10,live,growth,,,,,
6/28/17,T2,K05,10,live,NA,,,,,
6/28/17,T2,K07,10,live,growth,,,,,
6/28/17,T2,K07,10,live,NA,,,,,
6/28/17,T2,K08,10,live,growth,,,,,
6/28/17,T2,K08,10,live,NA,,,,,
6/28/17,T2,K11,10,live,NA,,,,,
6/28/17,T2,O01,10,live,growth,,,,,
6/28/17,T2,O01,10,ethanol,yolksac,,,,,
6/28/17,T2,O02,10,ethanol,yolksac,,,,,
6/28/17,T2,O04,9,ethanol,yolksac,,,,,
6/28/17,T2,O05,3,ethanol,yolksac,,,,,
6/28/17,T2,O06,10,ethanol,yolksac,,,,,
6/28/17,T3,K02,10,live,NA,,,,,
6/28/17,T3,K10,10,live,NA,,,,,
6/28/17,T3,O01,10,live,growth,,,,,
6/28/17,T3,O02,10,live,growth,,,,,
7/3/17,T1,K01,9,ethanol,yolksac,,,,,
7/3/17,T1,K02,10,ethanol,yolksac,,,,,
7/3/17,T1,K03,10,ethanol,yolksac,,,,,
7/3/17,T1,K04,10,ethanol,yolksac,,,,,
7/3/17,T1,K05,10,ethanol,yolksac,,,,,
7/3/17,T1,K06,2,ethanol,yolksac,,,,,
7/3/17,T1,K07,10,ethanol,yolksac,,,,,
7/3/17,T1,K08,10,ethanol,yolksac,,,,,
7/3/17,T1,K09,10,ethanol,yolksac,,,,,
7/3/17,T1,K10,10,ethanol,yolksac,,,,,
7/3/17,T1,K11,10,ethanol,yolksac,,,,,
7/3/17,T1,K12,10,ethanol,yolksac,,,,,
7/3/17,T1,K13,10,ethanol,yolksac,,,,,
7/3/17,T1,K14,10,ethanol,yolksac,,,,,
7/3/17,T1,K15,11,ethanol,yolksac,,,,,
7/3/17,T1,K16,6,live,growth,,,,,
7/3/17,T1,K16,10,ethanol,yolksac,,,,,
7/3/17,T2,K01,10,ethanol,growth,,,,,
7/3/17,T2,K02,10,ethanol,growth,,,,,
7/3/17,T2,K03,11,ethanol,growth,,,,,
7/3/17,T2,K03,11,live,growth,,,,,
7/3/17,T2,K04,10,ethanol,growth,,,,,
7/3/17,T2,K05,10,ethanol,growth,,,,,
7/3/17,T2,K07,10,ethanol,growth,,,,,
7/3/17,T2,K08,10,ethanol,growth,,,,,
7/3/17,T2,K08,9,live,growth,,,,,
7/3/17,T2,K09,10,ethanol,growth,,,,,
7/3/17,T2,K10,10,ethanol,growth,,,,,
7/3/17,T2,K11,9,ethanol,growth,,,,,
7/3/17,T2,K12,10,ethanol,growth,,,,,
7/3/17,T2,K13,10,ethanol,growth,,,,,
7/3/17,T2,K14,10,ethanol,growth,,,,,
7/3/17,T2,K15,10,ethanol,growth,,,,,
7/3/17,T2,K16,10,ethanol,growth,,,,,
7/3/17,T3,K01,7,live,growth,,,,,
7/3/17,T3,K04,11,ethanol,growth,,,,,
7/3/17,T3,K05,13,live,growth,,,,,
7/3/17,T3,K07,10,ethanol,growth,,,,,
7/3/17,T3,K08,10,ethanol,growth,,,,,
7/3/17,T3,K16,5,ethanol,growth,,,,,
7/3/17,T3,K16,10,live,growth,,,,,
7/4/17,T1,O01,10,ethanol,yolksac,,,,,
7/4/17,T1,O02,11,ethanol,yolksac,,,,,
7/4/17,T1,O04,10,ethanol,yolksac,,,,,
7/4/17,T1,O05,3,ethanol,yolksac,,,,,
7/4/17,T1,O06,5,ethanol,yolksac,,,,,
7/4/17,T2,O01,10,ethanol,growth,,,,,
7/4/17,T2,O02,10,ethanol,growth,,,,,
7/4/17,T2,O04,10,ethanol,growth,,,,,
7/4/17,T2,O06,5,ethanol,growth,,,,,
7/4/17,T3,O02,5,ethanol,growth,,,,,
7/4/17,T3,O02,11,live,growth,,,,,
7/4/17,T3,O06,5,ethanol,growth,,,,,
7/8/17,T1,K01,5,ethanol,growth,,,,,
7/8/17,T1,K02,5,ethanol,growth,,,,,
7/8/17,T1,K03,5,ethanol,growth,,,,,
7/8/17,T1,K04,5,ethanol,growth,,,,,
7/8/17,T1,K05,5,ethanol,growth,,,,,
7/8/17,T1,K06,2,live,growth,,,,,
7/8/17,T1,K06,4,live,yolksac,,,,,
7/8/17,T1,K07,5,ethanol,growth,,,,,
7/8/17,T1,K08,3,ethanol,growth,,,,,
7/8/17,T1,K09,5,ethanol,growth,,,,,
7/8/17,T1,K10,6,ethanol,growth,,,,,
7/8/17,T1,K11,5,ethanol,growth,,,,,
7/8/17,T1,K12,5,ethanol,growth,,,,,
7/8/17,T1,K13,5,ethanol,growth,,,,,
7/8/17,T1,K14,5,ethanol,growth,,,,,
7/8/17,T1,K15,5,ethanol,growth,,,,,
7/8/17,T1,K16,5,ethanol,growth,,,,,
7/8/17,T1,WK1,4,live,growth,,,,,
7/8/17,T1,WK2,5,live,growth,,,,,
7/8/17,T1,WK3,5,live,growth,,,,,
7/8/17,T1,WK4,5,live,growth,,,,,
7/8/17,T1,WK5,5,live,growth,,,,,
7/8/17,T1,WO1,5,live,growth,,,,,
7/8/17,T1,WO2,5,live,growth,,,,,
7/8/17,T1,WO3,5,live,growth,,,,,
7/8/17,T1,WO4,5,live,growth,,,,,
7/8/17,T1,WO5,5,live,growth,,,,,
7/8/17,T1,WOZ1,5,live,growth,,,,,
7/8/17,T1,WOZ3,5,live,growth,,,,,
7/8/17,T1,WOZ4,10,live,growth,,,,,
7/8/17,T1,WOZ5,2,live,growth,,,,,
7/8/17,T2,K01,5,live,growth,,,,,
7/8/17,T2,K02,5,live,growth,,,,,
7/8/17,T2,K03,5,live,growth,,,,,
7/8/17,T2,K04,5,live,growth,,,,,
7/8/17,T2,K05,5,live,growth,,,,,
7/8/17,T2,K06,5,live,growth,,,,,
7/8/17,T2,K07,5,live,growth,,,,,
7/8/17,T2,K08,5,live,growth,,,,,
7/8/17,T2,K09,5,live,growth,,,,,
7/8/17,T2,K10,6,live,growth,,,,,
7/8/17,T2,K11,5,live,growth,,,,,
7/8/17,T2,K12,5,live,growth,,,,,
7/8/17,T2,K13,10,live,growth,,,,,
7/8/17,T2,K14,8,live,growth,,,,,
7/8/17,T2,K15,5,live,growth,,,,,
7/8/17,T2,K16,5,live,growth,,,,,
7/8/17,T2,O01,5,live,growth,,,,,
7/8/17,T2,O02,5,live,growth,,,,,
7/8/17,T2,O04,5,live,growth,,,,,
7/8/17,T2,O05,5,live,growth,,,,,
7/8/17,T2,O06,5,live,growth,,,,,
7/8/17,T2,WK1,4,live,growth,,,,,
7/8/17,T2,WK2,5,live,growth,,,,,
7/8/17,T2,WK3,5,live,growth,,,,,
7/8/17,T2,WK4,5,live,growth,,,,,
7/8/17,T2,WK5,5,live,growth,,,,,
7/8/17,T2,WO1,5,live,growth,,,,,
7/8/17,T2,WO2,5,live,growth,,,,,
7/8/17,T2,WO3,5,live,growth,,,,,
7/8/17,T2,WO4,5,live,growth,,,,,
7/8/17,T2,WO5,10,live,growth,,,,,
7/8/17,T2,WOZ1,5,live,growth,,,,,
7/8/17,T2,WOZ2,5,live,growth,,,,,
7/8/17,T2,WOZ3,5,live,growth,,,,,
7/8/17,T2,WOZ4,5,live,growth,,,,,
7/8/17,T2,WOZ5,3,live,growth,,,,,
7/8/17,T3,K02,4,live,growth,,,,,
7/8/17,T3,K04,6,live,growth,,,,,
7/8/17,T3,K05,5,live,growth,,,,,
7/8/17,T3,K07,22,live,growth,,,,,
7/8/17,T3,K08,5,live,growth,,,,,
7/8/17,T3,K16,7,live,growth,,,,,
7/8/17,T3,O01,5,live,growth,,,,,
7/8/17,T3,O02,7,live,growth,,,,,
7/8/17,T3,O06,5,live,growth,,,,,
7/8/17,T3,WK1,5,live,growth,,,,,
7/8/17,T3,WK2,5,live,growth,,,,,
7/8/17,T3,WK3,5,live,growth,,,,,
7/8/17,T3,WK4,5,live,growth,,,,,
7/8/17,T3,WK5,5,live,growth,,,,,
7/8/17,T3,WO1,7,live,growth,,,,,
7/8/17,T3,WO2,5,live,growth,,,,,
7/8/17,T3,WO3,5,live,growth,,,,,
7/8/17,T3,WO4,6,live,growth,,,,,
7/8/17,T3,WO5,5,live,growth,,,,,
7/8/17,T3,WOZ2,5,live,growth,,,,,
7/8/17,T3,WOZ3,5,live,growth,,,,,
7/8/17,T3,WOZ4,5,live,growth,,,,,
7/8/17,T3,WOZ5,4,live,growth,,,,,
7/9/17,T1,O01,5,ethanol,growth,,,,,
7/9/17,T1,O02,5,ethanol,growth,,,,,
7/9/17,T1,O04,4,ethanol,growth,,,,,
7/9/17,T1,O06,5,ethanol,yolksac,,,,,
7/13/17,T1,K01,10,ethanol,growth,,,,,
7/13/17,T1,K02,10,ethanol,growth,,,,,
7/13/17,T1,K03,10,ethanol,growth,,,,,
7/13/17,T1,K04,9,ethanol,growth,,,,,
7/13/17,T1,K05,10,ethanol,growth,,,,,
7/13/17,T1,K06,5,live,growth,,,,,
7/13/17,T1,K07,10,ethanol,growth,,,,,
7/13/17,T1,K08,10,ethanol,growth,,,,,
7/13/17,T1,K11,10,ethanol,growth,,,,,
7/13/17,T1,K12,10,ethanol,growth,,,,,
7/13/17,T1,K13,10,ethanol,growth,,,,,
7/13/17,T1,K14,10,ethanol,growth,,,,,
7/13/17,T1,K16,10,ethanol,growth,,,,,
7/13/17,T2,K01,10,ethanol,growth,,,,,
7/13/17,T2,K02,9,ethanol,growth,,,,,
7/13/17,T2,K03,10,ethanol,growth,,,,,
7/13/17,T2,K06,5,live,growth,,,,,
7/13/17,T2,K07,10,ethanol,growth,,,,,
7/13/17,T2,K08,10,ethanol,growth,,,,,
7/13/17,T2,K09,10,ethanol,growth,,,,,
7/13/17,T2,K10,9,ethanol,growth,,,,,
7/13/17,T2,K11,10,ethanol,growth,,,,,
7/13/17,T2,K12,10,ethanol,growth,,,,,
7/13/17,T2,K13,10,ethanol,growth,,,,,
7/13/17,T2,K14,10,ethanol,growth,,,,,
7/13/17,T2,K15,10,ethanol,growth,,,,,
7/13/17,T2,K16,10,ethanol,growth,,,,,
7/13/17,T3,K02,3,live,growth,,,,,
7/13/17,T3,K03,6,live,growth,,,,,
7/13/17,T3,K04,6,live,growth,,,,,
7/13/17,T3,K05,6,live,growth,,,,,
7/13/17,T3,K07,10,live,growth,,,,,
7/13/17,T3,K08,5,live,growth,,,,,
7/13/17,T3,K16,5,live,growth,,,,,
7/14/17,T1,O02,10,ethanol,growth,,,,,
7/14/17,T1,O04,10,ethanol,growth,,,,,
7/14/17,T1,O05,5,live,growth,,,,,
7/14/17,T1,O06,10,ethanol,growth,,,,,
7/14/17,T2,O01,9,ethanol,growth,,,,,
7/14/17,T2,O02,10,ethanol,growth,,,,,
7/14/17,T2,O04,5,live,growth,,,,,
7/14/17,T2,O05,6,live,growth,,,,,
7/14/17,T3,O01,5,live,growth,,,,,
7/14/17,T3,O02,5,live,growth,,,,,
7/14/17,T3,O06,5,live,growth,,,,,
7/14/17,T3,WO1,17,live,growth,,,,,
7/15/17,T3,WK1,5,live,growth,,,,,
7/18/17,T1,K01,10,ethanol,growth,,,,,
7/18/17,T1,K02,10,ethanol,growth,,,,,
7/18/17,T1,K03,10,ethanol,growth,,,,,
7/18/17,T1,K04,10,ethanol,growth,,,,,
7/18/17,T1,K05,10,ethanol,growth,,,,,
7/18/17,T1,K06,5,live,growth,,,,,
7/18/17,T1,K07,10,ethanol,growth,,,,,
7/18/17,T1,K08,5,ethanol,growth,,,,,
7/18/17,T1,K09,10,ethanol,growth,,,,,
7/18/17,T1,K10,10,ethanol,growth,,,,,
7/18/17,T1,K11,10,ethanol,growth,,,,,
7/18/17,T1,K12,9,live,growth,,,,,
7/18/17,T1,K13,10,ethanol,growth,,,,,
7/18/17,T1,K14,10,ethanol,growth,,,,,
7/18/17,T1,K15,10,ethanol,growth,,,,,
7/18/17,T1,K16,7,ethanol,growth,,,,,
7/18/17,T1,WK2,5,live,growth,,,,,
7/18/17,T1,WK3,5,live,growth,,,,,
7/18/17,T1,WK4,5,live,growth,,,,,
7/18/17,T1,WK5,5,live,growth,,,,,
7/18/17,T2,K04,5,live,growth,,,,,
7/18/17,T2,K06,4,live,growth,,,,,
7/18/17,T2,K07,5,ethanol,growth,,,,,
7/18/17,T2,K08,10,ethanol,growth,,,,,
7/18/17,T2,K10,5,dried.ethanol,growth,,,,,
7/18/17,T2,K11,5,ethanol,growth,,,,,
7/18/17,T2,K12,5,ethanol,growth,,,,,
7/18/17,T2,K13,5,ethanol,growth,,,,,
7/18/17,T2,K14,5,ethanol,growth,,,,,
7/18/17,T2,K15,5,ethanol,growth,,,,,
7/18/17,T2,K16,5,ethanol,growth,,,,,
7/18/17,T3,K02,1,live,growth,,,,,
7/18/17,T3,K05,5,live,growth,,,,,
7/18/17,T3,K07,5,live,growth,,,,,
7/18/17,T3,K16,6,live,growth,,,,,
7/19/17,T1,O01,10,ethanol,growth,,,,,
7/19/17,T1,O02,10,ethanol,growth,,,,,
7/19/17,T1,O04,12,ethanol,growth,,,,,
7/19/17,T1,O04,14,live,growth,,,,,
7/19/17,T1,O06,11,ethanol,growth,,,,,
7/19/17,T1,WO2,5,live,growth,,,,,
7/19/17,T1,WO3,5,live,growth,,,,,
7/19/17,T1,WO4,5,live,growth,,,,,
7/19/17,T1,WO5,5,live,growth,,,,,
7/19/17,T1,WOZ2,5,live,growth,,,,,
7/19/17,T1,WOZ3,5,live,growth,,,,,
7/19/17,T1,WOZ4,5,live,growth,,,,,
7/19/17,T1,WOZ5,2,live,growth,,,,,
7/19/17,T2,O01,5,ethanol,growth,,,,,
7/19/17,T2,O02,5,ethanol,growth,,,,,
7/19/17,T2,O04,5,ethanol,growth,,,,,
7/19/17,T2,O05,1,ethanol,growth,,,,,
7/19/17,T2,O05,5,live,growth,,,,,
7/19/17,T2,O06,10,ethanol,growth,,,,,
7/19/17,T3,O01,5,live,growth,,,,,
7/19/17,T3,O02,6,ethanol,growth,,,,,
7/19/17,T3,O06,1,ethanol,growth,,,,,
7/19/17,T3,O06,6,live,growth,,,,,
7/23/17,T1,K01,10,ethanol,growth,,,,,
7/23/17,T1,K02,10,ethanol,growth,,,,,
7/23/17,T1,K03,10,ethanol,growth,,,,,
7/23/17,T1,K04,10,ethanol,growth,,,,,
7/23/17,T1,K05,10,ethanol,growth,,,,,
7/23/17,T1,K06,5,live,growth,,,,,
7/23/17,T1,K07,10,ethanol,growth,,,,,
7/23/17,T1,K08,10,ethanol,growth,,,,,
7/23/17,T1,K09,10,ethanol,growth,,,,,
7/23/17,T1,K10,10,ethanol,growth,,,,,
7/23/17,T1,K11,10,ethanol,growth,,,,,
7/23/17,T1,K12,10,ethanol,growth,,,,,
7/23/17,T1,K13,10,ethanol,growth,,,,,
7/23/17,T1,K14,10,ethanol,growth,,,,,
7/23/17,T1,K15,10,ethanol,growth,,,,,
7/23/17,T1,K16,10,ethanol,growth,,,,,
7/23/17,T1,O01,10,ethanol,growth,,,,,
7/23/17,T1,O02,9,ethanol,growth,,,,,
7/23/17,T1,O04,5,ethanol,growth,,,,,
7/23/17,T1,O05,5,live,growth,,,,,
7/23/17,T1,O06,10,ethanol,growth,,,,,
7/23/17,T2,K01,5,ethanol,growth,,,,,
7/23/17,T2,K02,6,ethanol,growth,,,,,
7/23/17,T2,K03,5,ethanol,growth,,,,,
7/23/17,T2,K04,5,ethanol,growth,,,,,
7/23/17,T2,K05,5,ethanol,growth,,,,,
7/23/17,T2,K06,2,live,growth,,,,,
7/23/17,T2,K07,5,ethanol,growth,,,,,
7/23/17,T2,K09,5,ethanol,growth,,,,,
7/23/17,T2,K10,5,live,growth,,,,,
7/23/17,T2,K11,5,ethanol,growth,,,,,
7/23/17,T2,K12,5,live,growth,,,,,
7/23/17,T2,K13,5,ethanol,growth,,,,,
7/23/17,T2,K14,5,ethanol,growth,,,,,
7/23/17,T2,K15,5,ethanol,growth,,,,,
7/23/17,T2,K16,5,ethanol,growth,,,,,
7/23/17,T2,O01,1,ethanol,growth,,,,,
7/23/17,T2,O01,5,live,growth,,,,,
7/23/17,T2,O02,5,live,growth,,,,,
7/23/17,T2,O04,5,live,growth,,,,,
7/23/17,T2,O05,5,live,growth,,,,,
7/23/17,T2,O06,5,ethanol,growth,,,,,
7/23/17,T3,K02,1,live,growth,,,,,
7/23/17,T3,K04,4,live,growth,,,,,
7/23/17,T3,K05,5,live,growth,,,,,
7/23/17,T3,K07,2,live,growth,,,,,
7/23/17,T3,K08,1,live,growth,,,,,
7/23/17,T3,K16,5,live,growth,,,,,
7/23/17,T3,O01,2,live,growth,,,,,
7/23/17,T3,O06,5,live,growth,,,,,
8/6/17,T1,K01,2,live,respiration,,,,,
8/6/17,T1,K08,2,live,respiration,,,,,
8/6/17,T1,K09,1,live,respiration,,,,,
8/6/17,T1,K10,1,live,respiration,,,,,
8/6/17,T1,K12,3,live,respiration,,,,,
8/6/17,T1,K13,1,live,respiration,,,,,
8/6/17,T1,K16,1,live,respiration,,,,,
8/6/17,T1,O01,1,live,respiration,,,,,
8/6/17,T1,O02,1,live,respiration,,,,,
8/6/17,T1,O04,3,live,respiration,,,,,
8/6/17,T1,O05,2,live,respiration,,,,,
8/6/17,T1,O06,1,live,respiration,,,,,
8/6/17,T1,WO4,1,live,respiration,,,,,
8/6/17,T2,K08,1,live,respiration,,,,,
8/6/17,T2,O04,1,live,respiration,,,,,
8/7/17,T1,K01,3,live,respiration,,,,,
8/7/17,T1,K02,4,live,respiration,,,,,
8/7/17,T1,K08,4,live,respiration,,,,,
8/7/17,T1,K10,1,live,respiration,,,,,
8/7/17,T1,K12,4,live,respiration,,,,,
8/7/17,T1,K15,1,live,respiration,,,,,
8/7/17,T1,K16,2,live,respiration,,,,,
8/7/17,T1,O01,7,live,respiration,,,,,
8/7/17,T1,O02,7,live,respiration,,,,,
8/7/17,T1,O04,4,live,respiration,,,,,
8/7/17,T1,O05,5,live,respiration,,,,,
8/7/17,T1,O06,6,live,respiration,,,,,
8/7/17,T1,WK2,3,live,respiration,,,,,
8/7/17,T1,WK3,1,live,respiration,,,,,
8/7/17,T1,WK4,2,live,respiration,,,,,
8/7/17,T1,WK5,1,live,respiration,,,,,
8/7/17,T1,WO2,2,live,respiration,,,,,
8/7/17,T1,WO3,3,live,respiration,,,,,
8/7/17,T1,WO4,1,live,respiration,,,,,
8/7/17,T1,WOZ5,1,live,respiration,,,,,
8/7/17,T2,K01,1,live,respiration,,,,,
8/7/17,T2,K03,1,live,respiration,,,,,
8/7/17,T2,K05,2,live,respiration,,,,,
8/7/17,T2,K07,1,live,respiration,,,,,
8/7/17,T2,K08,1,live,respiration,,,,,
8/7/17,T2,K09,1,live,respiration,,,,,
8/7/17,T2,K11,1,live,respiration,,,,,
8/7/17,T2,K15,1,live,respiration,,,,,
8/7/17,T2,O02,2,live,respiration,,,,,
8/7/17,T2,O04,3,live,respiration,,,,,
8/7/17,T2,O06,4,live,respiration,,,,,
8/7/17,T2,WK2,1,live,respiration,,,,,
8/7/17,T2,WO1,1,live,respiration,,,,,
8/7/17,T2,WO3,1,live,respiration,,,,,
8/7/17,T2,WO4,1,live,respiration,,,,,
8/7/17,T3,K05,1,live,respiration,,,,,
8/7/17,T3,O06,1,live,respiration,,,,,
8/7/17,T3,WO4,1,live,respiration,,,,,
8/8/17,T1,K01,1,live,respiration,,,,,
8/8/17,T1,K02,4,live,respiration,,,,,
8/8/17,T1,K03,3,live,respiration,,,,,
8/8/17,T1,K08,4,live,respiration,,,,,
8/8/17,T1,K09,1,live,respiration,,,,,
8/8/17,T1,K10,2,live,respiration,,,,,
8/8/17,T1,K11,4,live,respiration,,,,,
8/8/17,T1,K12,2,live,respiration,,,,,
8/8/17,T1,K16,3,live,respiration,,,,,
8/8/17,T1,O01,3,live,respiration,,,,,
8/8/17,T1,O02,4,live,respiration,,,,,
8/8/17,T1,O04,7,live,respiration,,,,,
8/8/17,T1,O05,4,live,respiration,,,,,
8/8/17,T1,O06,2,live,respiration,,,,,
8/8/17,T1,WK3,2,live,respiration,,,,,
8/8/17,T1,WK5,1,live,respiration,,,,,
8/8/17,T1,WO1,1,live,respiration,,,,,
8/8/17,T1,WO5,1,live,respiration,,,,,
8/8/17,T2,K09,1,live,respiration,,,,,
8/8/17,T2,O02,2,live,respiration,,,,,
8/8/17,T2,O05,1,live,respiration,,,,,
8/8/17,T2,WO3,1,live,respiration,,,,,
8/8/17,T3,K05,1,live,respiration,,,,,
8/8/17,T3,O06,1,live,respiration,,,,,
8/9/17,T1,WOZ1,1,live,respiration,,,,,
8/9/17,T1,WOZ2,1,live,respiration,,,,,
8/9/17,T1,WOZ3,2,live,respiration,,,,,
8/9/17,T1,WOZ4,1,live,respiration,,,,,
8/9/17,T2,O05,1,live,respiration,,,,,
8/9/17,T2,WK2,1,live,respiration,,,,,
8/9/17,T2,WK4,1,live,respiration,,,,,
8/9/17,T2,WO4,1,live,respiration,,,,,
8/9/17,T2,WO5,1,live,respiration,,,,,
8/9/17,T2,WOZ3,2,live,respiration,,,,,
8/9/17,T2,WOZ4,1,live,respiration,,,,,
8/9/17,T3,K04,1,live,respiration,,,,,
8/9/17,T3,K05,4,live,respiration,,,,,
8/9/17,T3,O02,1,live,respiration,,,,,
8/9/17,T3,O06,4,live,respiration,,,,,
8/9/17,T3,WK4,2,live,respiration,,,,,
8/9/17,T3,WK5,2,live,respiration,,,,,
8/9/17,T3,WO1,1,live,respiration,,,,,
8/9/17,T3,WO3,1,live,respiration,,,,,
8/9/17,T3,WOZ4,3,live,respiration,,,,,
8/10/17,T1,K01,2,live,respiration,,,,,
8/10/17,T1,K02,1,live,respiration,,,,,
8/10/17,T1,K03,1,live,respiration,,,,,
8/10/17,T1,K08,2,live,respiration,,,,,
8/10/17,T1,K09,2,live,respiration,,,,,
8/10/17,T1,K16,2,live,respiration,,,,,
8/10/17,T1,O01,1,live,respiration,,,,,
8/10/17,T1,WO5,1,live,respiration,,,,,
8/10/17,T2,O05,1,live,respiration,,,,,
8/10/17,T2,WK2,2,live,respiration,,,,,
8/10/17,T2,WO2,1,live,respiration,,,,,
8/10/17,T2,WOZ1,2,live,respiration,,,,,
8/10/17,T2,WOZ3,3,live,respiration,,,,,
8/10/17,T2,WOZ4,1,live,respiration,,,,,
8/10/17,T3,K05,1,live,respiration,,,,,
8/10/17,T3,K07,1,live,respiration,,,,,
8/10/17,T3,O02,1,live,respiration,,,,,
8/10/17,T3,WK1,1,live,respiration,,,,,
8/10/17,T3,WK3,2,live,respiration,,,,,
8/10/17,T3,WK5,1,live,respiration,,,,,
8/10/17,T3,WO1,1,live,respiration,,,,,
8/10/17,T3,WO3,1,live,respiration,,,,,
8/10/17,T3,WO5,1,live,respiration,,,,,
8/10/17,T3,WOZ2,1,live,respiration,,,,,
8/10/17,T3,WOZ3,2,live,respiration,,,,,
7/8/18,T1,WOZ2,5,live,growth,,,,,
7/8/18,T1,WOZ5,2,live,growth,,,,,
NA,T1,K01,12,ethanol,hatch,,,,,
NA,T1,K01,10,ethanol,swimup,,,,,
NA,T1,K02,10,ethanol,hatch,,,,,
NA,T1,K02,10,ethanol,swimup,,,,,
NA,T1,K03,10,ethanol,hatch,,,,,
NA,T1,K03,11,ethanol,swimup,,,,,
NA,T1,K04,10,ethanol,hatch,,,,,
NA,T1,K05,9,ethanol,hatch,,,,,
NA,T1,K05,10,ethanol,swimup,,,,,
NA,T1,K06,3,ethanol,hatch,,,,,
NA,T1,K07,11,ethanol,hatch,,,,,
NA,T1,K07,11,ethanol,swimup,,,,,
NA,T1,K08,10,ethanol,hatch,,,,,
NA,T1,K08,10,ethanol,swimup,,,,,
NA,T1,K09,10,ethanol,hatch,,,,,
NA,T1,K09,10,ethanol,swimup,,,,,
NA,T1,K10,10,ethanol,hatch,,,,,
NA,T1,K10,10,ethanol,swimup,,,,,
NA,T1,K11,10,ethanol,hatch,,,,,
NA,T1,K11,10,ethanol,swimup,,,,,
NA,T1,K12,10,ethanol,hatch,,,,,
NA,T1,K12,10,ethanol,swimup,,,,,
NA,T1,K13,10,ethanol,hatch,,,,,
NA,T1,K13,10,ethanol,swimup,,,,,
NA,T1,K14,10,ethanol,hatch,,,,,
NA,T1,K14,10,ethanol,swimup,,,,,
NA,T1,K15,10,ethanol,hatch,,,,,
NA,T1,K15,9,ethanol,swimup,,,,,
NA,T1,K16,10,ethanol,hatch,,,,,
NA,T1,K16,10,ethanol,swimup,,,,,
NA,T1,O01,10,ethanol,hatch,,,,,
NA,T1,O01,10,ethanol,swimup,,,,,
NA,T1,O02,10,ethanol,hatch,,,,,
NA,T1,O02,10,ethanol,swimup,,,,,
NA,T1,O04,10,ethanol,hatch,,,,,
NA,T1,O04,1,ethanol,swimup,,,,,
NA,T1,O05,6,live,hatch,,,,,
NA,T1,O06,9,ethanol,hatch,,,,,
NA,T2,K01,10,dried.ethanol,hatch,,,,,
NA,T2,K01,10,ethanol,swimup,,,,,
NA,T2,K02,10,ethanol,hatch,,,,,
NA,T2,K02,10,ethanol,swimup,,,,,
NA,T2,K03,10,ethanol,hatch,,,,,
NA,T2,K03,10,ethanol,swimup,,,,,
NA,T2,K04,10,ethanol,hatch,,,,,
NA,T2,K04,10,ethanol,swimup,,,,,
NA,T2,K05,10,ethanol,hatch,,,,,
NA,T2,K05,10,ethanol,swimup,,,,,
NA,T2,K06,14,ethanol,hatch,,,,,
NA,T2,K06,5,ethanol,swimup,,,,,
NA,T2,K07,10,ethanol,hatch,,,,,
NA,T2,K07,10,ethanol,swimup,,,,,
NA,T2,K08,10,ethanol,hatch,,,,,
NA,T2,K08,20,ethanol,swimup,,,,,
NA,T2,K09,20,ethanol,hatch,,,,,
NA,T2,K09,10,ethanol,swimup,,,,,
NA,T2,K10,10,ethanol,hatch,,,,,
NA,T2,K10,10,ethanol,swimup,,,,,
NA,T2,K11,10,ethanol,hatch,,,,,
NA,T2,K11,10,ethanol,swimup,,,,,
NA,T2,K12,10,ethanol,hatch,,,,,
NA,T2,K12,10,ethanol,swimup,,,,,
NA,T2,K13,10,ethanol,hatch,,,,,
NA,T2,K13,10,ethanol,swimup,,,,,
NA,T2,K14,10,ethanol,hatch,,,,,
NA,T2,K14,10,ethanol,swimup,,,,,
NA,T2,K15,10,ethanol,hatch,,,,,
NA,T2,K15,10,ethanol,swimup,,,,,
NA,T2,K16,10,ethanol,hatch,,,,,
NA,T2,K16,10,ethanol,swimup,,,,,
NA,T2,O01,11,ethanol,hatch,,,,,
NA,T2,O01,10,ethanol,swimup,,,,,
NA,T2,O02,10,dried.ethanol,hatch,,,,,
NA,T2,O02,10,ethanol,hatch,,,,,
NA,T2,O05,1,dried.ethanol,hatch,,,,,
NA,T2,O05,5,ethanol,hatch,,,,,
NA,T2,O06,10,ethanol,hatch,,,,,
NA,T2,O06,10,ethanol,swimup,,,,,
,,,,,,,,,,
,,,,,,,6/21/17,6/22/17,6/23/17,6/24/17
K01_16,T3,K01,7,ethanol,hatch,,,,7,
K02_16,T3,K02,,,,,20,,,
K03_16,T3,K03,10,ethanol,hatch,,8,,2,
K04_16,T3,K04,40,ethanol,hatch,"n = 20, other 20 are duplicates",20,,,
K05_16,T3,K05,20,ethanol,hatch,,20,,,
K06_16,T3,K06,2,ethanol,hatch,,1,,,
K07_16,T3,K07,20,ethanol,hatch,,20,,,
K08_16,T3,K08,20,ethanol,hatch,,20,,,
K09_16,,,,,,,,,,
K10_16,,,,,,,,,,
K11_16,,,,,,,,,,
K12_16,,,,,,,,,,
K13_16,,,,,,,,,,
K14_16,,,,,,,,,,
K15_16,T3,K15,2,ethanol,hatch,,,,,
K16_16,T3,K16,10,ethanol,hatch,,10,,,
O1_16,T3,O01,10,ethanol,hatch,,,,,
O2_16,T3,O02,10,ethanol,hatch,,,,,
O4_16,,,,,,,,,,
O6_16,,,,,,,,,,
,,,,,,,,,,
K01_16,,,,,,,,,,
K02_16,T3,K02,5,ethanol,swimup,,,,,
K03_16,T3,K03,1,ethanol,swimup,,,,,
K04_16,T3,K04,10,ethanol,swimup,,,,,
K05_16,T3,K05,10,ethanol,swimup,,,,,
K06_16,,,,,,,,,,
K07_16,T3,K07,10,ethanol,swimup,,,,,
K08_16,T3,K08,11,ethanol,swimup,,,,,
K09_16,,,,,,,,,,
K10_16,,,,,,,,,,
K11_16,,,,,,,,,,
K12_16,,,,,,,,,,
K13_16,,,,,,,,,,
K14_16,,,,,,,,,,
K15_16,,,,,,,,,,
K16_16,T3,K16,10,ethanol,swimup,,,,,
O1_16,T3,O01,10,ethanol,swimup,,,,,
O2_16,T3,O02,10,ethanol,swimup,,,,,
O4_16,,,,,,,,,,
O6_16,T3,O06,10,ethanol,swimup,,,,,
,,,,,,,,,,
,,,,,,,,,,
,,,,,,,,,,
,,,,,,,,,,