"","location","alt.dpf","Treatment","family","indiv.1to15","adj_Length"
"180","Kup",25,"T1","K1",1,"11.728"
"181","Kup",25,"T1","K1",2,"11.995"
"182","Kup",25,"T1","K1",3,"11.216"
"183","Kup",25,"T1","K1",4,"11.862"
"184","Kup",25,"T1","K1",5,"12.007"
"185","Kup",30,"T1","K1",1,"11.853"
"186","Kup",30,"T1","K1",2,"12.956"
"187","Kup",30,"T1","K1",3,"12.772"
"188","Kup",30,"T1","K1",4,"13.282"
"189","Kup",30,"T1","K1",5,"13.313"
"190","Kup",30,"T1","K1",6,"13.753"
"191","Kup",30,"T1","K1",7,"10.772"
"192","Kup",30,"T1","K1",8,"13.635"
"193","Kup",30,"T1","K1",9,"12.67"
"194","Kup",30,"T1","K1",10,"12.677"
"195","Kup",35,"T1","K1",1,"14.837"
"196","Kup",35,"T1","K1",2,"16.156"
"197","Kup",35,"T1","K1",3,"15.078"
"198","Kup",35,"T1","K1",4,"15.451"
"199","Kup",35,"T1","K1",5,"15.884"
"200","Kup",35,"T1","K1",6,"14.954"
"201","Kup",35,"T1","K1",7,"15.638"
"202","Kup",35,"T1","K1",8,"15.793"
"203","Kup",35,"T1","K1",9,"15.623"
"204","Kup",35,"T1","K1",10,"15.903"
"205","Kup",40,"T1","K1",1,"15.755"
"206","Kup",40,"T1","K1",2,"16.862"
"207","Kup",40,"T1","K1",3,"17.268"
"208","Kup",40,"T1","K1",4,"15.712"
"209","Kup",40,"T1","K1",5,"16.418"
"210","Kup",40,"T1","K1",6,"15.636"
"211","Kup",40,"T1","K1",7,"15.917"
"212","Kup",40,"T1","K1",8,"15.362"
"213","Kup",40,"T1","K1",9,"15.954"
"214","Kup",40,"T1","K1",10,"16.505"
"278","Kup",25,"T1","K10",1,"10.78"
"279","Kup",25,"T1","K10",2,"11.888"
"280","Kup",25,"T1","K10",3,"11.371"
"281","Kup",25,"T1","K10",4,"11.606"
"282","Kup",25,"T1","K10",5,"10.115"
"283","Kup",25,"T1","K10",6,"10.824"
"284","Kup",35,"T1","K10",1,"12.525"
"285","Kup",35,"T1","K10",2,"12.104"
"286","Kup",35,"T1","K10",3,"13.191"
"287","Kup",35,"T1","K10",4,"11.759"
"288","Kup",35,"T1","K10",5,"13.486"
"289","Kup",35,"T1","K10",6,"13.18"
"290","Kup",35,"T1","K10",7,"14.389"
"291","Kup",35,"T1","K10",8,"13.332"
"292","Kup",35,"T1","K10",9,"13.076"
"293","Kup",35,"T1","K10",10,"12.44"
"294","Kup",40,"T1","K10",1,"15.255"
"295","Kup",40,"T1","K10",2,"13.811"
"296","Kup",40,"T1","K10",3,"14.595"
"297","Kup",40,"T1","K10",4,"13.293"
"298","Kup",40,"T1","K10",5,"13.812"
"299","Kup",40,"T1","K10",6,"15.23"
"300","Kup",40,"T1","K10",7,"15.35"
"301","Kup",40,"T1","K10",8,"14.017"
"302","Kup",40,"T1","K10",9,"15.37"
"303","Kup",40,"T1","K10",10,"14.999"
"363","Kup",25,"T1","K11",1,"12.101"
"364","Kup",25,"T1","K11",2,"10.554"
"365","Kup",25,"T1","K11",3,"11.412"
"366","Kup",25,"T1","K11",4,"11.195"
"367","Kup",25,"T1","K11",5,"10.615"
"368","Kup",30,"T1","K11",1,"11.22"
"369","Kup",30,"T1","K11",2,"13.509"
"370","Kup",30,"T1","K11",3,"11.368"
"371","Kup",30,"T1","K11",4,"13.145"
"372","Kup",30,"T1","K11",5,"12.833"
"373","Kup",30,"T1","K11",6,"11.288"
"374","Kup",30,"T1","K11",7,"12.866"
"375","Kup",30,"T1","K11",8,"12.666"
"376","Kup",30,"T1","K11",9,"11.953"
"377","Kup",30,"T1","K11",10,"11.364"
"378","Kup",35,"T1","K11",1,"13.632"
"379","Kup",35,"T1","K11",2,"13.305"
"380","Kup",35,"T1","K11",3,"11.705"
"381","Kup",35,"T1","K11",4,"13.401"
"382","Kup",35,"T1","K11",5,"12.958"
"383","Kup",35,"T1","K11",6,"13.26"
"384","Kup",35,"T1","K11",7,"13.425"
"385","Kup",35,"T1","K11",8,"13.217"
"386","Kup",35,"T1","K11",9,"13.884"
"387","Kup",35,"T1","K11",10,"12.532"
"388","Kup",40,"T1","K11",1,"13.19"
"389","Kup",40,"T1","K11",2,"14.65"
"390","Kup",40,"T1","K11",3,"16.305"
"391","Kup",40,"T1","K11",4,"16.673"
"392","Kup",40,"T1","K11",5,"15.958"
"393","Kup",40,"T1","K11",6,"16.697"
"394","Kup",40,"T1","K11",7,"16.431"
"395","Kup",40,"T1","K11",8,"15.097"
"396","Kup",40,"T1","K11",9,"16.2"
"397","Kup",40,"T1","K11",10,"15.271"
"447","Kup",25,"T1","K12",1,"10.093"
"448","Kup",25,"T1","K12",2,"10.951"
"449","Kup",25,"T1","K12",3,"11.184"
"450","Kup",25,"T1","K12",4,"10.189"
"451","Kup",25,"T1","K12",5,"9.71"
"452","Kup",30,"T1","K12",1,"9.68"
"453","Kup",30,"T1","K12",2,"11.255"
"454","Kup",30,"T1","K12",3,"12.366"
"455","Kup",30,"T1","K12",4,"11.956"
"456","Kup",30,"T1","K12",5,"11.522"
"457","Kup",30,"T1","K12",6,"10.339"
"458","Kup",30,"T1","K12",7,"11.178"
"459","Kup",30,"T1","K12",8,"11.304"
"460","Kup",30,"T1","K12",9,"12.714"
"461","Kup",30,"T1","K12",10,"12.316"
"462","Kup",35,"T1","K12",1,"11.298"
"463","Kup",35,"T1","K12",2,"12.5748"
"464","Kup",35,"T1","K12",3,"11.4744"
"465","Kup",35,"T1","K12",4,"11.5668"
"466","Kup",35,"T1","K12",5,"13.5744"
"467","Kup",35,"T1","K12",6,"13.9944"
"468","Kup",35,"T1","K12",7,"11.802"
"469","Kup",35,"T1","K12",8,"12.2976"
"470","Kup",35,"T1","K12",9,"13.5492"
"471","Kup",40,"T1","K12",1,"14.078"
"472","Kup",40,"T1","K12",2,"14.173"
"473","Kup",40,"T1","K12",3,"14.324"
"474","Kup",40,"T1","K12",4,"16.354"
"475","Kup",40,"T1","K12",5,"15.443"
"476","Kup",40,"T1","K12",6,"12.556"
"477","Kup",40,"T1","K12",7,"14.843"
"478","Kup",40,"T1","K12",8,"14.864"
"479","Kup",40,"T1","K12",9,"15.307"
"480","Kup",40,"T1","K12",10,"15.152"
"545","Kup",25,"T1","K13",1,"9.401"
"546","Kup",25,"T1","K13",2,"11.495"
"547","Kup",25,"T1","K13",3,"11.09"
"548","Kup",25,"T1","K13",4,"11.382"
"549","Kup",25,"T1","K13",5,"12.195"
"550","Kup",30,"T1","K13",1,"12.827"
"551","Kup",30,"T1","K13",2,"13.148"
"552","Kup",30,"T1","K13",3,"13.556"
"553","Kup",30,"T1","K13",4,"12.827"
"554","Kup",30,"T1","K13",5,"12.18"
"555","Kup",30,"T1","K13",6,"13.137"
"556","Kup",30,"T1","K13",7,"13.377"
"557","Kup",30,"T1","K13",8,"12.783"
"558","Kup",30,"T1","K13",9,"13.337"
"559","Kup",30,"T1","K13",10,"10.844"
"560","Kup",35,"T1","K13",1,"13.883"
"561","Kup",35,"T1","K13",2,"14.181"
"562","Kup",35,"T1","K13",3,"13.659"
"563","Kup",35,"T1","K13",4,"14.031"
"564","Kup",35,"T1","K13",5,"13.666"
"565","Kup",35,"T1","K13",6,"13.775"
"566","Kup",35,"T1","K13",7,"13.804"
"567","Kup",35,"T1","K13",8,"13.378"
"568","Kup",35,"T1","K13",9,"13.464"
"569","Kup",35,"T1","K13",10,"13.17"
"570","Kup",40,"T1","K13",1,"15.006"
"571","Kup",40,"T1","K13",2,"15.424"
"572","Kup",40,"T1","K13",3,"14.944"
"573","Kup",40,"T1","K13",4,"15.251"
"574","Kup",40,"T1","K13",5,"15.011"
"575","Kup",40,"T1","K13",6,"16.651"
"576","Kup",40,"T1","K13",7,"13.791"
"577","Kup",40,"T1","K13",8,"14.728"
"578","Kup",40,"T1","K13",9,"15.855"
"579","Kup",40,"T1","K13",10,"16.117"
"636","Kup",25,"T1","K14",1,"12.908"
"637","Kup",25,"T1","K14",2,"11.928"
"638","Kup",25,"T1","K14",3,"11.643"
"639","Kup",25,"T1","K14",4,"11.789"
"640","Kup",25,"T1","K14",5,"12.158"
"641","Kup",30,"T1","K14",1,"13.716"
"642","Kup",30,"T1","K14",2,"13.728"
"643","Kup",30,"T1","K14",3,"14.563"
"644","Kup",30,"T1","K14",4,"15.409"
"645","Kup",30,"T1","K14",5,"14.16"
"646","Kup",30,"T1","K14",6,"14.951"
"647","Kup",30,"T1","K14",7,"14.077"
"648","Kup",30,"T1","K14",8,"14.864"
"649","Kup",30,"T1","K14",9,"11.902"
"650","Kup",30,"T1","K14",10,"13.642"
"651","Kup",35,"T1","K14",1,"14.531"
"652","Kup",35,"T1","K14",2,"14.451"
"653","Kup",35,"T1","K14",3,"14.198"
"654","Kup",35,"T1","K14",4,"14.338"
"655","Kup",35,"T1","K14",5,"13.807"
"656","Kup",35,"T1","K14",6,"13.942"
"657","Kup",35,"T1","K14",7,"14.48"
"658","Kup",35,"T1","K14",8,"13.824"
"659","Kup",35,"T1","K14",9,"14.188"
"660","Kup",35,"T1","K14",10,"14.889"
"661","Kup",40,"T1","K14",1,"16.628"
"662","Kup",40,"T1","K14",2,"15.93"
"663","Kup",40,"T1","K14",3,"15.427"
"664","Kup",40,"T1","K14",4,"17.542"
"665","Kup",40,"T1","K14",5,"15.738"
"666","Kup",40,"T1","K14",6,"16.165"
"667","Kup",40,"T1","K14",7,"15.39"
"668","Kup",40,"T1","K14",8,"15.541"
"669","Kup",40,"T1","K14",9,"15.783"
"670","Kup",40,"T1","K14",10,"17.122"
"726","Kup",25,"T1","K15",1,"10.383"
"727","Kup",25,"T1","K15",2,"11.376"
"728","Kup",25,"T1","K15",3,"10.907"
"729","Kup",25,"T1","K15",4,"10.645"
"730","Kup",25,"T1","K15",5,"10.826"
"731","Kup",35,"T1","K15",1,"13.992"
"732","Kup",35,"T1","K15",2,"14.055"
"733","Kup",35,"T1","K15",3,"13.622"
"734","Kup",35,"T1","K15",4,"14.467"
"735","Kup",35,"T1","K15",5,"14.705"
"736","Kup",35,"T1","K15",6,"14.401"
"737","Kup",35,"T1","K15",7,"14.614"
"738","Kup",35,"T1","K15",8,"14.159"
"739","Kup",35,"T1","K15",9,"12.309"
"740","Kup",35,"T1","K15",10,"13.779"
"741","Kup",40,"T1","K15",1,"16.381"
"742","Kup",40,"T1","K15",2,"14.832"
"743","Kup",40,"T1","K15",3,"15.114"
"744","Kup",40,"T1","K15",4,"15.49"
"745","Kup",40,"T1","K15",5,"13.91"
"746","Kup",40,"T1","K15",6,"16.484"
"747","Kup",40,"T1","K15",7,"16.484"
"748","Kup",40,"T1","K15",8,"14.925"
"749","Kup",40,"T1","K15",9,"16.246"
"750","Kup",40,"T1","K15",10,"14.752"
"813","Kup",25,"T1","K16",1,"11.182"
"814","Kup",25,"T1","K16",2,"11.779"
"815","Kup",25,"T1","K16",3,"10.917"
"816","Kup",25,"T1","K16",4,"11.379"
"817","Kup",25,"T1","K16",5,"11.335"
"818","Kup",30,"T1","K16",1,"12.741"
"819","Kup",30,"T1","K16",2,"11.726"
"820","Kup",30,"T1","K16",3,"12.701"
"821","Kup",30,"T1","K16",4,"12.715"
"822","Kup",30,"T1","K16",5,"12.322"
"823","Kup",30,"T1","K16",6,"11.533"
"824","Kup",30,"T1","K16",7,"12.574"
"825","Kup",30,"T1","K16",8,"12.533"
"826","Kup",30,"T1","K16",9,"11.976"
"827","Kup",30,"T1","K16",10,"12.565"
"828","Kup",35,"T1","K16",1,"13.543"
"829","Kup",35,"T1","K16",2,"13.611"
"830","Kup",35,"T1","K16",3,"13.723"
"831","Kup",35,"T1","K16",4,"14.148"
"832","Kup",35,"T1","K16",5,"13.562"
"833","Kup",35,"T1","K16",6,"13.497"
"834","Kup",35,"T1","K16",7,"13.34"
"835","Kup",40,"T1","K16",1,"16.443"
"836","Kup",40,"T1","K16",2,"14.669"
"837","Kup",40,"T1","K16",3,"15.549"
"838","Kup",40,"T1","K16",4,"15.714"
"839","Kup",40,"T1","K16",5,"15.46"
"840","Kup",40,"T1","K16",6,"15.864"
"841","Kup",40,"T1","K16",7,"16.91"
"842","Kup",40,"T1","K16",8,"14.888"
"843","Kup",40,"T1","K16",9,"16.424"
"844","Kup",40,"T1","K16",10,"18.069"
"907","Kup",25,"T1","K2",1,"11.114"
"908","Kup",25,"T1","K2",2,"11.152"
"909","Kup",25,"T1","K2",3,"11.436"
"910","Kup",25,"T1","K2",4,"11.409"
"911","Kup",25,"T1","K2",5,"11.504"
"912","Kup",30,"T1","K2",1,"12.01"
"913","Kup",30,"T1","K2",2,"12.544"
"914","Kup",30,"T1","K2",3,"12.593"
"915","Kup",30,"T1","K2",4,"12.324"
"916","Kup",30,"T1","K2",5,"12.46"
"917","Kup",30,"T1","K2",6,"11.969"
"918","Kup",30,"T1","K2",7,"11.39"
"919","Kup",30,"T1","K2",8,"12.589"
"920","Kup",30,"T1","K2",9,"12.23"
"921","Kup",30,"T1","K2",10,"12.496"
"922","Kup",35,"T1","K2",1,"13.845"
"923","Kup",35,"T1","K2",2,"14.752"
"924","Kup",35,"T1","K2",3,"14.521"
"925","Kup",35,"T1","K2",4,"15.119"
"926","Kup",35,"T1","K2",5,"14.943"
"927","Kup",35,"T1","K2",6,"14.973"
"928","Kup",35,"T1","K2",7,"14.525"
"929","Kup",35,"T1","K2",8,"15.307"
"930","Kup",35,"T1","K2",9,"14.472"
"931","Kup",35,"T1","K2",10,"13.279"
"932","Kup",40,"T1","K2",1,"14.25"
"933","Kup",40,"T1","K2",2,"15.546"
"934","Kup",40,"T1","K2",3,"16.947"
"935","Kup",40,"T1","K2",4,"16.507"
"936","Kup",40,"T1","K2",5,"16.07"
"937","Kup",40,"T1","K2",6,"15.547"
"938","Kup",40,"T1","K2",7,"16.581"
"939","Kup",40,"T1","K2",8,"14.971"
"940","Kup",40,"T1","K2",9,"13.957"
"941","Kup",40,"T1","K2",10,"16.168"
"1007","Kup",25,"T1","K3",1,"13.31"
"1008","Kup",25,"T1","K3",2,"12.888"
"1009","Kup",25,"T1","K3",3,"11.696"
"1010","Kup",25,"T1","K3",4,"10.971"
"1011","Kup",25,"T1","K3",5,"12.297"
"1012","Kup",30,"T1","K3",1,"12.859"
"1013","Kup",30,"T1","K3",2,"13.253"
"1014","Kup",30,"T1","K3",3,"12.496"
"1015","Kup",30,"T1","K3",4,"13.439"
"1016","Kup",30,"T1","K3",5,"11.386"
"1017","Kup",30,"T1","K3",6,"13.448"
"1018","Kup",30,"T1","K3",7,"13.13"
"1019","Kup",30,"T1","K3",8,"13.456"
"1020","Kup",30,"T1","K3",9,"13.717"
"1021","Kup",30,"T1","K3",10,"12.298"
"1022","Kup",35,"T1","K3",1,"14.358"
"1023","Kup",35,"T1","K3",2,"13.965"
"1024","Kup",35,"T1","K3",3,"13.969"
"1025","Kup",35,"T1","K3",4,"14.168"
"1026","Kup",35,"T1","K3",5,"14.243"
"1027","Kup",35,"T1","K3",6,"14.213"
"1028","Kup",35,"T1","K3",7,"14.118"
"1029","Kup",35,"T1","K3",8,"14.422"
"1030","Kup",35,"T1","K3",9,"14.168"
"1031","Kup",35,"T1","K3",10,"13.894"
"1032","Kup",40,"T1","K3",1,"15.911"
"1033","Kup",40,"T1","K3",2,"17.189"
"1034","Kup",40,"T1","K3",3,"16.236"
"1035","Kup",40,"T1","K3",4,"16.614"
"1036","Kup",40,"T1","K3",5,"16.47"
"1037","Kup",40,"T1","K3",6,"15.978"
"1038","Kup",40,"T1","K3",7,"15.795"
"1039","Kup",40,"T1","K3",8,"15.145"
"1040","Kup",40,"T1","K3",9,"14.975"
"1041","Kup",40,"T1","K3",10,"15.352"
"1090","Kup",25,"T1","K4",1,"11.904"
"1091","Kup",25,"T1","K4",2,"12.034"
"1092","Kup",25,"T1","K4",3,"11.717"
"1093","Kup",25,"T1","K4",4,"11.785"
"1094","Kup",25,"T1","K4",5,"11.308"
"1095","Kup",30,"T1","K4",1,"13.213"
"1096","Kup",30,"T1","K4",2,"12.394"
"1097","Kup",30,"T1","K4",3,"12.309"
"1098","Kup",30,"T1","K4",4,"11.982"
"1099","Kup",30,"T1","K4",5,"12.644"
"1100","Kup",30,"T1","K4",6,"12.845"
"1101","Kup",30,"T1","K4",7,"12.497"
"1102","Kup",30,"T1","K4",8,"13.234"
"1103","Kup",30,"T1","K4",9,"11.959"
"1104","Kup",35,"T1","K4",1,"13.675"
"1105","Kup",35,"T1","K4",2,"13.573"
"1106","Kup",35,"T1","K4",3,"14.201"
"1107","Kup",35,"T1","K4",4,"14.119"
"1108","Kup",35,"T1","K4",5,"13.664"
"1109","Kup",35,"T1","K4",6,"13.849"
"1110","Kup",35,"T1","K4",7,"13.276"
"1111","Kup",35,"T1","K4",8,"13.912"
"1112","Kup",35,"T1","K4",9,"13.024"
"1113","Kup",35,"T1","K4",10,"13.798"
"1114","Kup",40,"T1","K4",1,"14.86"
"1115","Kup",40,"T1","K4",2,"15.078"
"1116","Kup",40,"T1","K4",3,"16.929"
"1117","Kup",40,"T1","K4",4,"15.177"
"1118","Kup",40,"T1","K4",5,"15.181"
"1119","Kup",40,"T1","K4",6,"15.513"
"1120","Kup",40,"T1","K4",7,"14.308"
"1121","Kup",40,"T1","K4",8,"14.442"
"1122","Kup",40,"T1","K4",9,"15.954"
"1123","Kup",40,"T1","K4",10,"15.468"
"1169","Kup",25,"T1","K5",1,"11.59"
"1170","Kup",25,"T1","K5",2,"12.147"
"1171","Kup",25,"T1","K5",3,"12.307"
"1172","Kup",25,"T1","K5",4,"12.187"
"1173","Kup",25,"T1","K5",5,"12.353"
"1174","Kup",30,"T1","K5",1,"13.31"
"1175","Kup",30,"T1","K5",2,"12.154"
"1176","Kup",30,"T1","K5",3,"13.46"
"1177","Kup",30,"T1","K5",4,"13.723"
"1178","Kup",30,"T1","K5",5,"13.362"
"1179","Kup",30,"T1","K5",6,"12.634"
"1180","Kup",30,"T1","K5",7,"13.046"
"1181","Kup",30,"T1","K5",8,"12.802"
"1182","Kup",30,"T1","K5",9,"12.919"
"1183","Kup",30,"T1","K5",10,"13.313"
"1184","Kup",35,"T1","K5",1,"13.966"
"1185","Kup",35,"T1","K5",2,"13.664"
"1186","Kup",35,"T1","K5",3,"13.157"
"1187","Kup",35,"T1","K5",4,"14.003"
"1188","Kup",35,"T1","K5",5,"13.769"
"1189","Kup",35,"T1","K5",6,"13.253"
"1190","Kup",35,"T1","K5",7,"13.936"
"1191","Kup",35,"T1","K5",8,"13.601"
"1192","Kup",35,"T1","K5",9,"13.468"
"1193","Kup",35,"T1","K5",10,"13.433"
"1194","Kup",40,"T1","K5",1,"15.986"
"1195","Kup",40,"T1","K5",2,"15.069"
"1196","Kup",40,"T1","K5",3,"14.605"
"1197","Kup",40,"T1","K5",4,"15.443"
"1198","Kup",40,"T1","K5",5,"15.548"
"1199","Kup",40,"T1","K5",6,"14.964"
"1200","Kup",40,"T1","K5",7,"14.423"
"1201","Kup",40,"T1","K5",8,"14.96"
"1202","Kup",40,"T1","K5",9,"14.236"
"1203","Kup",40,"T1","K5",10,"16.069"
"1225","Kup",25,"T1","K6",2,"9.74652"
"1226","Kup",25,"T1","K6",3,"8.05392"
"1230","Kup",30,"T1","K6",1,"11.48112"
"1231","Kup",30,"T1","K6",2,"12.12792"
"1232","Kup",30,"T1","K6",3,"12.4866"
"1233","Kup",30,"T1","K6",4,"11.9028"
"1234","Kup",30,"T1","K6",5,"12.24468"
"1235","Kup",35,"T1","K6",1,"12.9696"
"1236","Kup",35,"T1","K6",2,"12.8184"
"1237","Kup",35,"T1","K6",3,"13.2132"
"1238","Kup",35,"T1","K6",4,"13.5576"
"1239","Kup",35,"T1","K6",5,"12.8688"
"1240","Kup",40,"T1","K6",1,"12.71172"
"1241","Kup",40,"T1","K6",2,"14.38164"
"1242","Kup",40,"T1","K6",3,"14.3178"
"1243","Kup",40,"T1","K6",4,"13.41228"
"1244","Kup",40,"T1","K6",5,"14.63784"
"1301","Kup",25,"T1","K7",1,"11.34"
"1302","Kup",25,"T1","K7",2,"12.121"
"1303","Kup",25,"T1","K7",3,"11.79"
"1304","Kup",25,"T1","K7",4,"11.867"
"1305","Kup",25,"T1","K7",5,"11.373"
"1306","Kup",30,"T1","K7",1,"13.5"
"1307","Kup",30,"T1","K7",2,"13.712"
"1308","Kup",30,"T1","K7",3,"12.703"
"1309","Kup",30,"T1","K7",4,"13.911"
"1310","Kup",30,"T1","K7",5,"13.378"
"1311","Kup",30,"T1","K7",6,"12.675"
"1312","Kup",30,"T1","K7",7,"12.719"
"1313","Kup",30,"T1","K7",8,"13.548"
"1314","Kup",30,"T1","K7",9,"12.622"
"1315","Kup",30,"T1","K7",10,"13.022"
"1316","Kup",35,"T1","K7",1,"13.81"
"1317","Kup",35,"T1","K7",2,"14.184"
"1318","Kup",35,"T1","K7",3,"14.012"
"1319","Kup",35,"T1","K7",4,"13.617"
"1320","Kup",35,"T1","K7",5,"13.777"
"1321","Kup",35,"T1","K7",6,"13.78"
"1322","Kup",35,"T1","K7",7,"14.007"
"1323","Kup",35,"T1","K7",8,"13.784"
"1324","Kup",35,"T1","K7",9,"13.573"
"1325","Kup",35,"T1","K7",10,"13.238"
"1326","Kup",40,"T1","K7",1,"15.203"
"1327","Kup",40,"T1","K7",2,"15.357"
"1328","Kup",40,"T1","K7",3,"14.739"
"1329","Kup",40,"T1","K7",4,"14.674"
"1330","Kup",40,"T1","K7",5,"16.671"
"1331","Kup",40,"T1","K7",6,"14.725"
"1332","Kup",40,"T1","K7",7,"14.727"
"1333","Kup",40,"T1","K7",8,"15.16"
"1334","Kup",40,"T1","K7",9,"14.814"
"1335","Kup",40,"T1","K7",10,"15.432"
"1390","Kup",25,"T1","K8",1,"12.033"
"1391","Kup",25,"T1","K8",2,"12.176"
"1392","Kup",25,"T1","K8",3,"12.006"
"1393","Kup",30,"T1","K8",1,"13.159"
"1394","Kup",30,"T1","K8",2,"13.583"
"1395","Kup",30,"T1","K8",3,"13.205"
"1396","Kup",30,"T1","K8",4,"12.858"
"1397","Kup",30,"T1","K8",5,"12.091"
"1398","Kup",30,"T1","K8",6,"13.255"
"1399","Kup",30,"T1","K8",7,"14.502"
"1400","Kup",30,"T1","K8",8,"12.751"
"1401","Kup",30,"T1","K8",9,"12.698"
"1402","Kup",30,"T1","K8",10,"12.523"
"1403","Kup",35,"T1","K8",1,"15.084"
"1404","Kup",35,"T1","K8",2,"13.962"
"1405","Kup",35,"T1","K8",3,"15.483"
"1406","Kup",35,"T1","K8",4,"14.003"
"1407","Kup",35,"T1","K8",5,"14.802"
"1408","Kup",40,"T1","K8",1,"15.663"
"1409","Kup",40,"T1","K8",2,"16.692"
"1410","Kup",40,"T1","K8",3,"17.269"
"1411","Kup",40,"T1","K8",4,"16.314"
"1412","Kup",40,"T1","K8",5,"16.409"
"1413","Kup",40,"T1","K8",6,"15.14"
"1414","Kup",40,"T1","K8",7,"15.026"
"1415","Kup",40,"T1","K8",8,"16.407"
"1416","Kup",40,"T1","K8",9,"15.745"
"1417","Kup",40,"T1","K8",10,"15.811"
"1487","Kup",25,"T1","K9",1,"10.917"
"1488","Kup",25,"T1","K9",2,"10.665"
"1489","Kup",25,"T1","K9",3,"10.701"
"1490","Kup",25,"T1","K9",4,"10.5"
"1491","Kup",25,"T1","K9",5,"11.562"
"1492","Kup",35,"T1","K9",1,"12.479"
"1493","Kup",35,"T1","K9",2,"13.675"
"1494","Kup",35,"T1","K9",3,"11.907"
"1495","Kup",35,"T1","K9",4,"12.711"
"1496","Kup",35,"T1","K9",5,"13.617"
"1497","Kup",35,"T1","K9",6,"14.967"
"1498","Kup",35,"T1","K9",7,"11.762"
"1499","Kup",35,"T1","K9",8,"13.289"
"1500","Kup",35,"T1","K9",9,"12.9"
"1501","Kup",35,"T1","K9",10,"12.742"
"1502","Kup",40,"T1","K9",1,"14.28"
"1503","Kup",40,"T1","K9",2,"14.543"
"1504","Kup",40,"T1","K9",3,"13.905"
"1505","Kup",40,"T1","K9",4,"13.125"
"1506","Kup",40,"T1","K9",5,"12.348"
"1507","Kup",40,"T1","K9",6,"15.834"
"1508","Kup",40,"T1","K9",7,"13.141"
"1509","Kup",40,"T1","K9",8,"13.374"
"1510","Kup",40,"T1","K9",9,"12.501"
"1511","Kup",40,"T1","K9",10,"15.916"
"1634","Kup",25,"T2","K1",1,"15.78948"
"1635","Kup",25,"T2","K1",2,"14.44212"
"1636","Kup",25,"T2","K1",3,"16.67568"
"1637","Kup",25,"T2","K1",4,"16.15908"
"1638","Kup",25,"T2","K1",5,"16.28508"
"1639","Kup",30,"T2","K1",1,"17.219"
"1640","Kup",30,"T2","K1",2,"20.258"
"1641","Kup",30,"T2","K1",3,"15.866"
"1642","Kup",30,"T2","K1",4,"18.763"
"1643","Kup",30,"T2","K1",5,"17.913"
"1644","Kup",30,"T2","K1",6,"19.421"
"1645","Kup",30,"T2","K1",7,"19.122"
"1646","Kup",30,"T2","K1",8,"19.11"
"1647","Kup",30,"T2","K1",9,"18.639"
"1648","Kup",30,"T2","K1",10,"19.597"
"1649","Kup",40,"T2","K1",1,"22.919"
"1650","Kup",40,"T2","K1",2,"21.173"
"1651","Kup",40,"T2","K1",3,"20.745"
"1652","Kup",40,"T2","K1",4,"25.243"
"1653","Kup",40,"T2","K1",5,"23.493"
"1700","Kup",25,"T2","K10",1,"15.36948"
"1701","Kup",25,"T2","K10",2,"15.60972"
"1702","Kup",25,"T2","K10",3,"16.16748"
"1703","Kup",25,"T2","K10",4,"15.4938"
"1704","Kup",25,"T2","K10",5,"15.49044"
"1705","Kup",25,"T2","K10",6,"15.53244"
"1706","Kup",30,"T2","K10",1,"15.459"
"1707","Kup",30,"T2","K10",2,"16.37"
"1708","Kup",30,"T2","K10",3,"18.871"
"1709","Kup",30,"T2","K10",4,"16.833"
"1710","Kup",30,"T2","K10",5,"16.952"
"1711","Kup",30,"T2","K10",6,"17.512"
"1712","Kup",30,"T2","K10",7,"19.34"
"1713","Kup",30,"T2","K10",8,"17.708"
"1714","Kup",30,"T2","K10",9,"17.069"
"1715","Kup",35,"T2","K10",1,"16.1222709"
"1716","Kup",35,"T2","K10",2,"16.9688607"
"1717","Kup",35,"T2","K10",3,"13.7818979"
"1718","Kup",35,"T2","K10",4,"17.329633"
"1719","Kup",35,"T2","K10",5,"19.5390465"
"1720","Kup",40,"T2","K10",1,"18.94368"
"1721","Kup",40,"T2","K10",2,"20.64804"
"1722","Kup",40,"T2","K10",3,"22.3944"
"1723","Kup",40,"T2","K10",4,"21.77616"
"1724","Kup",40,"T2","K10",5,"18.17928"
"1779","Kup",25,"T2","K11",1,"14.51856"
"1780","Kup",25,"T2","K11",2,"13.81884"
"1781","Kup",25,"T2","K11",3,"16.1196"
"1782","Kup",25,"T2","K11",4,"13.20648"
"1783","Kup",25,"T2","K11",5,"14.35728"
"1784","Kup",30,"T2","K11",1,"17.32"
"1785","Kup",30,"T2","K11",2,"18.568"
"1786","Kup",30,"T2","K11",3,"15.741"
"1787","Kup",30,"T2","K11",4,"15.709"
"1788","Kup",30,"T2","K11",5,"18.11"
"1789","Kup",30,"T2","K11",6,"18.951"
"1790","Kup",30,"T2","K11",7,"17.62"
"1791","Kup",30,"T2","K11",8,"17.367"
"1792","Kup",30,"T2","K11",9,"15.596"
"1793","Kup",30,"T2","K11",10,"15.52"
"1794","Kup",35,"T2","K11",1,"18.943"
"1795","Kup",35,"T2","K11",2,"20.317"
"1796","Kup",35,"T2","K11",3,"18.787"
"1797","Kup",35,"T2","K11",4,"18.095"
"1798","Kup",35,"T2","K11",5,"16.449"
"1799","Kup",40,"T2","K11",1,"17.145"
"1800","Kup",40,"T2","K11",2,"21.072"
"1801","Kup",40,"T2","K11",3,"23.634"
"1802","Kup",40,"T2","K11",4,"23.059"
"1803","Kup",40,"T2","K11",5,"23.747"
"1850","Kup",25,"T2","K12",1,"13.3224"
"1851","Kup",25,"T2","K12",2,"13.8012"
"1852","Kup",25,"T2","K12",3,"14.5572"
"1853","Kup",25,"T2","K12",4,"14.5152"
"1854","Kup",25,"T2","K12",5,"14.0364"
"1855","Kup",30,"T2","K12",1,"17.18"
"1856","Kup",30,"T2","K12",2,"15.7"
"1857","Kup",30,"T2","K12",3,"15.504"
"1858","Kup",30,"T2","K12",4,"16.853"
"1859","Kup",30,"T2","K12",5,"16.459"
"1860","Kup",30,"T2","K12",6,"17.102"
"1861","Kup",30,"T2","K12",7,"17.808"
"1862","Kup",30,"T2","K12",8,"17.895"
"1863","Kup",30,"T2","K12",9,"18.183"
"1864","Kup",30,"T2","K12",10,"19.31"
"1865","Kup",35,"T2","K12",1,"17.783"
"1866","Kup",35,"T2","K12",2,"19.328"
"1867","Kup",35,"T2","K12",3,"16.798"
"1868","Kup",35,"T2","K12",4,"18.487"
"1869","Kup",35,"T2","K12",5,"18.664"
"1870","Kup",40,"T2","K12",1,"17.44092"
"1871","Kup",40,"T2","K12",2,"20.31288"
"1872","Kup",40,"T2","K12",3,"21.79128"
"1873","Kup",40,"T2","K12",4,"22.60692"
"1874","Kup",40,"T2","K12",5,"21.72744"
"1920","Kup",25,"T2","K13",1,"14.5068"
"1921","Kup",25,"T2","K13",1,"14.52108"
"1922","Kup",25,"T2","K13",2,"14.1792"
"1923","Kup",25,"T2","K13",2,"14.54964"
"1924","Kup",25,"T2","K13",3,"15.1368"
"1925","Kup",25,"T2","K13",3,"15.9726"
"1926","Kup",25,"T2","K13",4,"13.9944"
"1927","Kup",25,"T2","K13",4,"14.67648"
"1928","Kup",25,"T2","K13",5,"13.7088"
"1929","Kup",25,"T2","K13",5,"14.80416"
"1930","Kup",30,"T2","K13",1,"14.488"
"1931","Kup",30,"T2","K13",2,"16.652"
"1932","Kup",30,"T2","K13",3,"18.052"
"1933","Kup",30,"T2","K13",4,"16.319"
"1934","Kup",30,"T2","K13",5,"17.893"
"1935","Kup",30,"T2","K13",6,"16.145"
"1936","Kup",30,"T2","K13",7,"18.574"
"1937","Kup",30,"T2","K13",8,"16.29"
"1938","Kup",30,"T2","K13",9,"19.217"
"1939","Kup",30,"T2","K13",10,"18.168"
"1940","Kup",35,"T2","K13",1,"20.232"
"1941","Kup",35,"T2","K13",2,"21.252"
"1942","Kup",35,"T2","K13",3,"17.421"
"1943","Kup",35,"T2","K13",4,"18.98"
"1944","Kup",35,"T2","K13",5,"17.308"
"1945","Kup",40,"T2","K13",1,"23.395"
"1946","Kup",40,"T2","K13",2,"23.313"
"1947","Kup",40,"T2","K13",3,"24.458"
"1948","Kup",40,"T2","K13",4,"23.191"
"1949","Kup",40,"T2","K13",5,"25.292"
"1995","Kup",25,"T2","K14",1,"15.55176"
"1996","Kup",25,"T2","K14",2,"15.8424"
"1997","Kup",25,"T2","K14",3,"15.59544"
"1998","Kup",25,"T2","K14",4,"15.54084"
"1999","Kup",25,"T2","K14",5,"16.06164"
"2000","Kup",25,"T2","K14",6,"15.05784"
"2001","Kup",25,"T2","K14",7,"16.29516"
"2002","Kup",25,"T2","K14",8,"16.0524"
"2003","Kup",30,"T2","K14",1,"17.058"
"2004","Kup",30,"T2","K14",2,"15.231"
"2005","Kup",30,"T2","K14",3,"18"
"2006","Kup",30,"T2","K14",4,"16.86"
"2007","Kup",30,"T2","K14",5,"16.698"
"2008","Kup",30,"T2","K14",6,"17.421"
"2009","Kup",30,"T2","K14",7,"17.447"
"2010","Kup",30,"T2","K14",8,"16.304"
"2011","Kup",30,"T2","K14",9,"16.501"
"2012","Kup",30,"T2","K14",10,"16.331"
"2013","Kup",35,"T2","K14",1,"20.259"
"2014","Kup",35,"T2","K14",2,"18.623"
"2015","Kup",35,"T2","K14",3,"18.493"
"2016","Kup",35,"T2","K14",4,"17.806"
"2017","Kup",35,"T2","K14",5,"19.329"
"2018","Kup",40,"T2","K14",1,"25.557"
"2019","Kup",40,"T2","K14",2,"18.745"
"2020","Kup",40,"T2","K14",3,"23.723"
"2021","Kup",40,"T2","K14",4,"17.603"
"2022","Kup",40,"T2","K14",5,"25.294"
"2068","Kup",25,"T2","K15",1,"15.1116"
"2069","Kup",25,"T2","K15",2,"15.6324"
"2070","Kup",25,"T2","K15",3,"15.8508"
"2071","Kup",25,"T2","K15",4,"15.1368"
"2072","Kup",25,"T2","K15",5,"15.7416"
"2073","Kup",30,"T2","K15",1,"19.645"
"2074","Kup",30,"T2","K15",2,"18.292"
"2075","Kup",30,"T2","K15",3,"16.929"
"2076","Kup",30,"T2","K15",4,"18.18"
"2077","Kup",30,"T2","K15",5,"19.22"
"2078","Kup",30,"T2","K15",6,"19.838"
"2079","Kup",30,"T2","K15",7,"16.689"
"2080","Kup",30,"T2","K15",8,"18.127"
"2081","Kup",30,"T2","K15",9,"18.764"
"2082","Kup",30,"T2","K15",10,"16.41"
"2083","Kup",35,"T2","K15",1,"16.301"
"2084","Kup",35,"T2","K15",2,"20.512"
"2085","Kup",35,"T2","K15",3,"20.004"
"2086","Kup",35,"T2","K15",4,"17.706"
"2087","Kup",35,"T2","K15",5,"18.201"
"2088","Kup",40,"T2","K15",1,"22.713"
"2089","Kup",40,"T2","K15",2,"17.429"
"2090","Kup",40,"T2","K15",3,"20.114"
"2091","Kup",40,"T2","K15",4,"20.087"
"2092","Kup",40,"T2","K15",5,"20.871"
"2139","Kup",25,"T2","K16",1,"15.57528"
"2140","Kup",25,"T2","K16",2,"15.1242"
"2141","Kup",25,"T2","K16",3,"14.04732"
"2142","Kup",25,"T2","K16",4,"14.24892"
"2143","Kup",25,"T2","K16",5,"14.37324"
"2144","Kup",30,"T2","K16",1,"18.149"
"2145","Kup",30,"T2","K16",2,"18.521"
"2146","Kup",30,"T2","K16",3,"17.602"
"2147","Kup",30,"T2","K16",4,"17.783"
"2148","Kup",30,"T2","K16",5,"16.832"
"2149","Kup",30,"T2","K16",6,"19.315"
"2150","Kup",30,"T2","K16",7,"15.993"
"2151","Kup",30,"T2","K16",8,"15.644"
"2152","Kup",30,"T2","K16",9,"19.661"
"2153","Kup",30,"T2","K16",10,"19.079"
"2154","Kup",35,"T2","K16",1,"21.245"
"2155","Kup",35,"T2","K16",2,"19.306"
"2156","Kup",35,"T2","K16",3,"22.25"
"2157","Kup",35,"T2","K16",4,"19.211"
"2158","Kup",35,"T2","K16",5,"20.818"
"2159","Kup",40,"T2","K16",1,"19.5"
"2160","Kup",40,"T2","K16",2,"24.35"
"2161","Kup",40,"T2","K16",3,"22.423"
"2162","Kup",40,"T2","K16",4,"25.89"
"2163","Kup",40,"T2","K16",5,"22.166"
"2233","Kup",25,"T2","K2",1,"16.08768"
"2234","Kup",25,"T2","K2",2,"15.93732"
"2235","Kup",25,"T2","K2",3,"14.94192"
"2236","Kup",25,"T2","K2",4,"16.62948"
"2237","Kup",25,"T2","K2",5,"15.34932"
"2238","Kup",30,"T2","K2",1,"16.491"
"2239","Kup",30,"T2","K2",2,"17.486"
"2240","Kup",30,"T2","K2",3,"15.867"
"2241","Kup",30,"T2","K2",4,"17.91"
"2242","Kup",30,"T2","K2",5,"17.185"
"2243","Kup",30,"T2","K2",6,"17.583"
"2244","Kup",30,"T2","K2",7,"19.056"
"2245","Kup",30,"T2","K2",8,"15.778"
"2246","Kup",30,"T2","K2",9,"16.97"
"2247","Kup",40,"T2","K2",1,"21.813"
"2248","Kup",40,"T2","K2",2,"24.402"
"2249","Kup",40,"T2","K2",3,"22.6"
"2250","Kup",40,"T2","K2",4,"26.616"
"2251","Kup",40,"T2","K2",5,"22.486"
"2252","Kup",40,"T2","K2",6,"18.39"
"2325","Kup",25,"T2","K3",1,"15.309"
"2326","Kup",25,"T2","K3",2,"16.54548"
"2327","Kup",25,"T2","K3",3,"14.37996"
"2328","Kup",25,"T2","K3",4,"15.92052"
"2329","Kup",25,"T2","K3",5,"12.93432"
"2330","Kup",30,"T2","K3",1,"15.707"
"2331","Kup",30,"T2","K3",2,"16.443"
"2332","Kup",30,"T2","K3",3,"15.546"
"2333","Kup",30,"T2","K3",4,"17.362"
"2334","Kup",30,"T2","K3",5,"16.754"
"2335","Kup",30,"T2","K3",6,"18.648"
"2336","Kup",30,"T2","K3",7,"16.76"
"2337","Kup",30,"T2","K3",8,"17.469"
"2338","Kup",30,"T2","K3",9,"15.981"
"2339","Kup",30,"T2","K3",10,"16.235"
"2340","Kup",40,"T2","K3",1,"23.818"
"2341","Kup",40,"T2","K3",2,"25.52"
"2342","Kup",40,"T2","K3",3,"20.556"
"2343","Kup",40,"T2","K3",4,"21.081"
"2344","Kup",40,"T2","K3",5,"23.112"
"2407","Kup",25,"T2","K4",1,"14.11872"
"2408","Kup",25,"T2","K4",2,"16.21704"
"2409","Kup",25,"T2","K4",3,"15.1452"
"2410","Kup",25,"T2","K4",4,"15.07212"
"2411","Kup",25,"T2","K4",5,"15.49716"
"2412","Kup",35,"T2","K4",1,"16.6068"
"2413","Kup",35,"T2","K4",2,"18.5976"
"2414","Kup",35,"T2","K4",3,"18.3372"
"2415","Kup",35,"T2","K4",4,"18.3624"
"2416","Kup",35,"T2","K4",5,"19.4796"
"2417","Kup",40,"T2","K4",1,"22.825"
"2418","Kup",40,"T2","K4",2,"22.949"
"2419","Kup",40,"T2","K4",3,"21.374"
"2420","Kup",40,"T2","K4",4,"18.883"
"2421","Kup",40,"T2","K4",5,"18.158"
"2487","Kup",25,"T2","K5",1,"15.04104"
"2488","Kup",25,"T2","K5",2,"15.24012"
"2489","Kup",25,"T2","K5",3,"15.68364"
"2490","Kup",25,"T2","K5",4,"14.96628"
"2491","Kup",25,"T2","K5",5,"16.02468"
"2492","Kup",40,"T2","K5",1,"26.27"
"2493","Kup",40,"T2","K5",2,"18.007"
"2494","Kup",40,"T2","K5",3,"22.372"
"2495","Kup",40,"T2","K5",4,"24.795"
"2496","Kup",40,"T2","K5",5,"16.323"
"2525","Kup",25,"T2","K6",1,"16.19604"
"2526","Kup",25,"T2","K6",2,"14.5656"
"2527","Kup",25,"T2","K6",3,"16.07004"
"2528","Kup",25,"T2","K6",4,"15.92472"
"2529","Kup",25,"T2","K6",5,"15.414"
"2530","Kup",30,"T2","K6",1,"15.59796"
"2531","Kup",30,"T2","K6",2,"15.11412"
"2532","Kup",30,"T2","K6",3,"16.42116"
"2533","Kup",30,"T2","K6",4,"14.73192"
"2534","Kup",30,"T2","K6",5,"17.09568"
"2535","Kup",35,"T2","K6",1,"21.9828"
"2536","Kup",35,"T2","K6",2,"15.9264"
"2537","Kup",35,"T2","K6",3,"16.506"
"2538","Kup",35,"T2","K6",4,"17.934"
"2539","Kup",40,"T2","K6",1,"18.18516"
"2540","Kup",40,"T2","K6",2,"26.8968"
"2606","Kup",25,"T2","K7",1,"16.04148"
"2607","Kup",25,"T2","K7",2,"16.07256"
"2608","Kup",25,"T2","K7",3,"16.24224"
"2609","Kup",25,"T2","K7",4,"15.83484"
"2610","Kup",25,"T2","K7",5,"15.29976"
"2611","Kup",30,"T2","K7",1,"18.5141"
"2612","Kup",30,"T2","K7",2,"17.6384"
"2613","Kup",30,"T2","K7",3,"19.1822"
"2614","Kup",30,"T2","K7",4,"18.3115"
"2615","Kup",30,"T2","K7",5,"19.7103"
"2616","Kup",30,"T2","K7",6,"16.4532"
"2617","Kup",30,"T2","K7",7,"18.5289"
"2618","Kup",30,"T2","K7",8,"16.678"
"2619","Kup",30,"T2","K7",9,"17.7134"
"2620","Kup",30,"T2","K7",10,"15.2166"
"2621","Kup",35,"T2","K7",1,"19.16"
"2622","Kup",35,"T2","K7",2,"21.815"
"2623","Kup",35,"T2","K7",3,"18.83"
"2624","Kup",35,"T2","K7",4,"19.394"
"2625","Kup",35,"T2","K7",5,"18.916"
"2626","Kup",40,"T2","K7",1,"25.535"
"2627","Kup",40,"T2","K7",2,"25.389"
"2628","Kup",40,"T2","K7",3,"25.464"
"2629","Kup",40,"T2","K7",4,"23.137"
"2630","Kup",40,"T2","K7",5,"22.081"
"2716","Kup",25,"T2","K8",1,"16.08264"
"2717","Kup",25,"T2","K8",2,"15.36444"
"2718","Kup",25,"T2","K8",3,"16.54968"
"2719","Kup",25,"T2","K8",4,"15.36864"
"2720","Kup",25,"T2","K8",5,"15.09228"
"2721","Kup",30,"T2","K8",1,"19.378"
"2722","Kup",30,"T2","K8",2,"17.332"
"2723","Kup",30,"T2","K8",3,"17.571"
"2724","Kup",30,"T2","K8",4,"16.373"
"2725","Kup",30,"T2","K8",5,"18.71"
"2726","Kup",30,"T2","K8",6,"18.29"
"2727","Kup",30,"T2","K8",7,"16.867"
"2728","Kup",30,"T2","K8",8,"17.812"
"2729","Kup",30,"T2","K8",9,"17.526"
"2730","Kup",30,"T2","K8",10,"17.616"
"2731","Kup",35,"T2","K8",1,"18.696"
"2732","Kup",35,"T2","K8",1,"22.928"
"2733","Kup",35,"T2","K8",2,"17.355"
"2734","Kup",35,"T2","K8",2,"21.851"
"2735","Kup",35,"T2","K8",3,"18.761"
"2736","Kup",35,"T2","K8",3,"23.76"
"2737","Kup",35,"T2","K8",4,"15.86"
"2738","Kup",35,"T2","K8",4,"20.034"
"2739","Kup",35,"T2","K8",5,"19.904"
"2740","Kup",35,"T2","K8",5,"18.407"
"2798","Kup",25,"T2","K9",1,"14.94276"
"2799","Kup",25,"T2","K9",2,"15.16788"
"2800","Kup",25,"T2","K9",3,"14.52276"
"2801","Kup",25,"T2","K9",4,"15.82308"
"2802","Kup",25,"T2","K9",5,"16.233"
"2803","Kup",30,"T2","K9",1,"15.525"
"2804","Kup",30,"T2","K9",2,"16.517"
"2805","Kup",30,"T2","K9",3,"16.326"
"2806","Kup",30,"T2","K9",4,"15.908"
"2807","Kup",30,"T2","K9",5,"16.618"
"2808","Kup",30,"T2","K9",6,"16.29"
"2809","Kup",30,"T2","K9",7,"16.555"
"2810","Kup",30,"T2","K9",8,"12.984"
"2811","Kup",30,"T2","K9",9,"15.693"
"2812","Kup",30,"T2","K9",10,"16.684"
"2813","Kup",40,"T2","K9",1,"22.253"
"2814","Kup",40,"T2","K9",2,"18.375"
"2815","Kup",40,"T2","K9",3,"20.003"
"2816","Kup",40,"T2","K9",4,"21.084"
"2817","Kup",40,"T2","K9",5,"19.929"
"3035","Kup",25,"T3","K16",1,"16.5312"
"3036","Kup",25,"T3","K16",2,"15.07464"
"3037","Kup",25,"T3","K16",3,"17.08056"
"3038","Kup",25,"T3","K16",4,"16.08768"
"3039","Kup",25,"T3","K16",5,"16.16664"
"3040","Kup",25,"T3","K16",6,"15.29136"
"3041","Kup",25,"T3","K16",7,"15.23424"
"3042","Kup",30,"T3","K16",1,"18.11712"
"3043","Kup",30,"T3","K16",2,"17.15616"
"3044","Kup",30,"T3","K16",3,"21.92736"
"3045","Kup",30,"T3","K16",4,"19.16292"
"3046","Kup",30,"T3","K16",5,"17.65932"
"3047","Kup",35,"T3","K16",1,"18.1944"
"3048","Kup",35,"T3","K16",2,"18.8076"
"3049","Kup",35,"T3","K16",3,"15.498"
"3050","Kup",35,"T3","K16",4,"23.6124"
"3051","Kup",35,"T3","K16",5,"16.6656"
"3052","Kup",35,"T3","K16",6,"22.0416"
"3053","Kup",40,"T3","K16",1,"19.6518"
"3054","Kup",40,"T3","K16",2,"18.29772"
"3055","Kup",40,"T3","K16",3,"20.7774"
"3056","Kup",40,"T3","K16",4,"18.9798"
"3057","Kup",40,"T3","K16",5,"20.06676"
"3083","Kup",25,"T3","K2",1,"17.23512"
"3084","Kup",25,"T3","K2",2,"16.1784"
"3085","Kup",25,"T3","K2",3,"13.57944"
"3086","Kup",25,"T3","K2",4,"15.53328"
"3087","Kup",30,"T3","K2",1,"16.84284"
"3088","Kup",30,"T3","K2",2,"20.70684"
"3089","Kup",30,"T3","K2",3,"15.75504"
"3090","Kup",35,"T3","K2",1,"23.7552"
"3091","Kup",40,"T3","K2",1,"27.54108"
"3118","Kup",30,"T3","K3",1,"16.47996"
"3119","Kup",30,"T3","K3",1,"16.08096"
"3120","Kup",30,"T3","K3",2,"20.26668"
"3121","Kup",30,"T3","K3",2,"19.46952"
"3122","Kup",30,"T3","K3",3,"15.81552"
"3123","Kup",30,"T3","K3",3,"15.41232"
"3199","Kup",25,"T3","K4",1,"13.74996"
"3200","Kup",25,"T3","K4",2,"14.1078"
"3201","Kup",25,"T3","K4",3,"13.77516"
"3202","Kup",25,"T3","K4",4,"14.28588"
"3203","Kup",25,"T3","K4",5,"12.89484"
"3204","Kup",25,"T3","K4",6,"14.049"
"3205","Kup",30,"T3","K4",1,"14.637"
"3206","Kup",30,"T3","K4",2,"15.51732"
"3207","Kup",30,"T3","K4",3,"14.62524"
"3208","Kup",30,"T3","K4",4,"15.29892"
"3209","Kup",30,"T3","K4",5,"15.22416"
"3210","Kup",30,"T3","K4",6,"17.84244"
"3211","Kup",40,"T3","K4",1,"22.78668"
"3212","Kup",40,"T3","K4",2,"21.87612"
"3213","Kup",40,"T3","K4",3,"23.04708"
"3214","Kup",40,"T3","K4",4,"19.2612"
"3273","Kup",25,"T3","K5",1,"16.86636"
"3274","Kup",25,"T3","K5",2,"14.86464"
"3275","Kup",25,"T3","K5",3,"16.23804"
"3276","Kup",25,"T3","K5",4,"15.97008"
"3277","Kup",25,"T3","K5",5,"17.18556"
"3278","Kup",30,"T3","K5",1,"19.48128"
"3279","Kup",30,"T3","K5",2,"17.99952"
"3280","Kup",30,"T3","K5",3,"20.04492"
"3281","Kup",30,"T3","K5",4,"17.6442"
"3282","Kup",30,"T3","K5",5,"20.46828"
"3283","Kup",30,"T3","K5",6,"18.00288"
"3284","Kup",35,"T3","K5",1,"24.17268"
"3285","Kup",35,"T3","K5",2,"26.80104"
"3286","Kup",35,"T3","K5",3,"24.01308"
"3287","Kup",35,"T3","K5",4,"22.743"
"3288","Kup",35,"T3","K5",5,"23.10336"
"3289","Kup",40,"T3","K5",1,"30.40884"
"3290","Kup",40,"T3","K5",2,"26.80104"
"3291","Kup",40,"T3","K5",3,"25.79892"
"3292","Kup",40,"T3","K5",4,"27.68136"
"3293","Kup",40,"T3","K5",5,"29.8536"
"3353","Kup",25,"T3","K7",1,"14.03556"
"3354","Kup",25,"T3","K7",1,"12.79656"
"3355","Kup",25,"T3","K7",2,"14.60592"
"3356","Kup",25,"T3","K7",2,"14.15904"
"3357","Kup",25,"T3","K7",3,"14.63532"
"3358","Kup",25,"T3","K7",3,"13.91628"
"3359","Kup",25,"T3","K7",4,"13.52988"
"3360","Kup",25,"T3","K7",4,"13.51308"
"3361","Kup",25,"T3","K7",5,"14.11536"
"3362","Kup",25,"T3","K7",5,"12.64536"
"3363","Kup",25,"T3","K7",6,"14.25396"
"3364","Kup",25,"T3","K7",6,"13.39128"
"3365","Kup",25,"T3","K7",7,"13.39968"
"3366","Kup",25,"T3","K7",7,"12.95112"
"3367","Kup",25,"T3","K7",8,"14.63196"
"3368","Kup",25,"T3","K7",8,"13.83228"
"3369","Kup",25,"T3","K7",9,"13.54752"
"3370","Kup",25,"T3","K7",9,"13.74324"
"3371","Kup",25,"T3","K7",10,"13.76256"
"3372","Kup",25,"T3","K7",10,"13.0914"
"3373","Kup",25,"T3","K7",11,"12.54624"
"3374","Kup",25,"T3","K7",12,"13.01748"
"3375","Kup",30,"T3","K7",1,"17.45856"
"3376","Kup",30,"T3","K7",2,"15.92556"
"3377","Kup",30,"T3","K7",3,"15.9516"
"3378","Kup",30,"T3","K7",4,"17.82144"
"3379","Kup",30,"T3","K7",5,"16.42536"
"3380","Kup",30,"T3","K7",6,"14.43792"
"3381","Kup",30,"T3","K7",7,"14.0238"
"3382","Kup",30,"T3","K7",8,"16.12548"
"3383","Kup",30,"T3","K7",9,"18.63204"
"3384","Kup",30,"T3","K7",10,"14.05488"
"3385","Kup",35,"T3","K7",1,"14.532"
"3386","Kup",35,"T3","K7",2,"14.8764"
"3387","Kup",35,"T3","K7",3,"21.2688"
"3388","Kup",35,"T3","K7",4,"16.0944"
"3389","Kup",35,"T3","K7",5,"17.598"
"3390","Kup",40,"T3","K7",1,"24.5364"
"3391","Kup",40,"T3","K7",2,"16.78824"
"3447","Kup",25,"T3","K8",1,"15.73236"
"3448","Kup",25,"T3","K8",2,"17.82816"
"3449","Kup",25,"T3","K8",3,"18.9084"
"3450","Kup",25,"T3","K8",4,"14.87388"
"3451","Kup",25,"T3","K8",5,"15.02088"
"3452","Kup",30,"T3","K8",1,"17.90208"
"3453","Kup",30,"T3","K8",2,"18.48084"
"3454","Kup",30,"T3","K8",3,"21.99036"
"3455","Kup",30,"T3","K8",4,"18.91176"
"3456","Kup",30,"T3","K8",5,"22.61532"
"3457","Kup",40,"T3","K8",1,"31.1892"
"3723","Sag",25,"T1","O1",1,"11.364"
"3724","Sag",25,"T1","O1",2,"11.23"
"3725","Sag",25,"T1","O1",3,"10.993"
"3726","Sag",25,"T1","O1",4,"11.072"
"3727","Sag",25,"T1","O1",5,"11.318"
"3728","Sag",35,"T1","O1",1,"14.156"
"3729","Sag",35,"T1","O1",2,"13.759"
"3730","Sag",35,"T1","O1",3,"14.348"
"3731","Sag",35,"T1","O1",4,"14.254"
"3732","Sag",35,"T1","O1",5,"14.799"
"3733","Sag",35,"T1","O1",6,"14.224"
"3734","Sag",35,"T1","O1",7,"13.868"
"3735","Sag",35,"T1","O1",8,"13.7"
"3736","Sag",35,"T1","O1",9,"13.773"
"3737","Sag",35,"T1","O1",10,"13.845"
"3738","Sag",39,"T1","O1",1,"14.824"
"3739","Sag",39,"T1","O1",2,"15.598"
"3740","Sag",39,"T1","O1",3,"15.721"
"3741","Sag",39,"T1","O1",4,"15.522"
"3742","Sag",39,"T1","O1",5,"15.228"
"3743","Sag",39,"T1","O1",6,"15.583"
"3744","Sag",39,"T1","O1",7,"16.977"
"3745","Sag",39,"T1","O1",8,"17.548"
"3746","Sag",39,"T1","O1",9,"17.967"
"3747","Sag",39,"T1","O1",10,"16.046"
"3806","Sag",25,"T1","O2",1,"11.471"
"3807","Sag",25,"T1","O2",2,"10.677"
"3808","Sag",25,"T1","O2",3,"10.591"
"3809","Sag",25,"T1","O2",4,"10.756"
"3810","Sag",25,"T1","O2",5,"11.387"
"3811","Sag",30,"T1","O2",1,"12.782"
"3812","Sag",30,"T1","O2",2,"13.835"
"3813","Sag",30,"T1","O2",3,"13.776"
"3814","Sag",30,"T1","O2",4,"13.758"
"3815","Sag",30,"T1","O2",5,"13.982"
"3816","Sag",30,"T1","O2",6,"12.923"
"3817","Sag",30,"T1","O2",7,"13.062"
"3818","Sag",30,"T1","O2",8,"13.184"
"3819","Sag",30,"T1","O2",9,"13.747"
"3820","Sag",30,"T1","O2",10,"13.228"
"3821","Sag",35,"T1","O2",1,"13.861"
"3822","Sag",35,"T1","O2",2,"13.799"
"3823","Sag",35,"T1","O2",3,"13.613"
"3824","Sag",35,"T1","O2",4,"13.613"
"3825","Sag",35,"T1","O2",5,"14.396"
"3826","Sag",35,"T1","O2",6,"13.54"
"3827","Sag",35,"T1","O2",7,"12.735"
"3828","Sag",35,"T1","O2",8,"13.867"
"3829","Sag",35,"T1","O2",9,"13.308"
"3830","Sag",35,"T1","O2",10,"13.263"
"3831","Sag",39,"T1","O2",1,"14.14"
"3832","Sag",39,"T1","O2",2,"13.815"
"3833","Sag",39,"T1","O2",3,"13.873"
"3834","Sag",39,"T1","O2",4,"14.893"
"3835","Sag",39,"T1","O2",5,"15.483"
"3836","Sag",39,"T1","O2",6,"15.536"
"3837","Sag",39,"T1","O2",7,"13.93"
"3838","Sag",39,"T1","O2",8,"14.589"
"3839","Sag",39,"T1","O2",9,"14.551"
"3888","Sag",25,"T1","O4",1,"9.891"
"3889","Sag",25,"T1","O4",2,"11.351"
"3890","Sag",25,"T1","O4",3,"9.76"
"3891","Sag",25,"T1","O4",4,"9.92"
"3892","Sag",30,"T1","O4",1,"13.0782"
"3893","Sag",30,"T1","O4",2,"13.1606"
"3894","Sag",30,"T1","O4",3,"13.1102"
"3895","Sag",30,"T1","O4",4,"12.9847"
"3896","Sag",30,"T1","O4",5,"13.0492"
"3897","Sag",30,"T1","O4",6,"13.2242"
"3898","Sag",30,"T1","O4",7,"12.8805"
"3899","Sag",30,"T1","O4",8,"13.8521"
"3900","Sag",30,"T1","O4",9,"13.634"
"3901","Sag",30,"T1","O4",10,"13.3947"
"3902","Sag",35,"T1","O4",1,"12.604"
"3903","Sag",35,"T1","O4",1,"14.088"
"3904","Sag",35,"T1","O4",1,"16.54464"
"3905","Sag",35,"T1","O4",1,"13.68024"
"3906","Sag",35,"T1","O4",2,"14.577"
"3907","Sag",35,"T1","O4",2,"13.687"
"3908","Sag",35,"T1","O4",2,"16.9218"
"3909","Sag",35,"T1","O4",2,"13.944"
"3910","Sag",35,"T1","O4",3,"13.43"
"3911","Sag",35,"T1","O4",3,"13.748"
"3912","Sag",35,"T1","O4",3,"16.54212"
"3913","Sag",35,"T1","O4",3,"13.46604"
"3914","Sag",35,"T1","O4",4,"13.476"
"3915","Sag",35,"T1","O4",4,"13.513"
"3916","Sag",35,"T1","O4",4,"16.08432"
"3917","Sag",35,"T1","O4",4,"13.01328"
"3918","Sag",35,"T1","O4",5,"13.033"
"3919","Sag",35,"T1","O4",5,"14.148"
"3920","Sag",35,"T1","O4",5,"16.44804"
"3921","Sag",35,"T1","O4",5,"13.57188"
"3922","Sag",35,"T1","O4",6,"13.368"
"3923","Sag",35,"T1","O4",6,"15.03852"
"3924","Sag",35,"T1","O4",6,"12.369"
"3925","Sag",35,"T1","O4",7,"14.116"
"3926","Sag",35,"T1","O4",7,"15.67692"
"3927","Sag",35,"T1","O4",7,"13.35264"
"3928","Sag",39,"T1","O4",1,"15.742"
"3929","Sag",39,"T1","O4",2,"15.732"
"3930","Sag",39,"T1","O4",3,"16.536"
"3931","Sag",39,"T1","O4",4,"15.328"
"3932","Sag",39,"T1","O4",5,"14.644"
"3961","Sag",30,"T1","O5",1,"11.71212"
"3962","Sag",30,"T1","O5",2,"11.74068"
"3963","Sag",30,"T1","O5",3,"11.5836"
"3964","Sag",30,"T1","O5",4,"11.93976"
"3965","Sag",30,"T1","O5",5,"11.84568"
"3966","Sag",39,"T1","O5",1,"15.20988"
"3967","Sag",39,"T1","O5",2,"15.4644"
"3968","Sag",39,"T1","O5",3,"14.94192"
"3969","Sag",39,"T1","O5",4,"14.8008"
"3970","Sag",39,"T1","O5",5,"15.25944"
"4025","Sag",30,"T1","O6",1,"14.801"
"4026","Sag",30,"T1","O6",2,"14.607"
"4027","Sag",30,"T1","O6",3,"13.769"
"4028","Sag",30,"T1","O6",4,"13.374"
"4029","Sag",30,"T1","O6",5,"14.022"
"4030","Sag",30,"T1","O6",6,"13.552"
"4031","Sag",30,"T1","O6",7,"13.837"
"4032","Sag",30,"T1","O6",8,"13.99"
"4033","Sag",30,"T1","O6",9,"13.784"
"4034","Sag",30,"T1","O6",10,"14.201"
"4035","Sag",35,"T1","O6",1,"13.696"
"4036","Sag",35,"T1","O6",2,"13.087"
"4037","Sag",35,"T1","O6",3,"14.292"
"4038","Sag",35,"T1","O6",4,"14.257"
"4039","Sag",35,"T1","O6",5,"14.515"
"4040","Sag",35,"T1","O6",6,"13.367"
"4041","Sag",35,"T1","O6",7,"13.857"
"4042","Sag",35,"T1","O6",8,"13.765"
"4043","Sag",35,"T1","O6",9,"13.373"
"4044","Sag",35,"T1","O6",10,"14.307"
"4045","Sag",35,"T1","O6",11,"14.061"
"4046","Sag",39,"T1","O6",1,"16.139"
"4047","Sag",39,"T1","O6",2,"15.953"
"4048","Sag",39,"T1","O6",3,"16.219"
"4049","Sag",39,"T1","O6",4,"15.528"
"4050","Sag",39,"T1","O6",5,"15.388"
"4051","Sag",39,"T1","O6",6,"15.656"
"4052","Sag",39,"T1","O6",7,"15.492"
"4053","Sag",39,"T1","O6",8,"15.073"
"4054","Sag",39,"T1","O6",9,"15.317"
"4055","Sag",39,"T1","O6",10,"15.018"
"4191","Sag",24,"T2","O1",1,"15.29808"
"4192","Sag",24,"T2","O1",2,"15.16452"
"4193","Sag",24,"T2","O1",3,"15.393"
"4194","Sag",24,"T2","O1",4,"14.40768"
"4195","Sag",24,"T2","O1",5,"14.5572"
"4196","Sag",30,"T2","O1",1,"18.591"
"4197","Sag",30,"T2","O1",2,"17.639"
"4198","Sag",30,"T2","O1",3,"17.489"
"4199","Sag",30,"T2","O1",4,"17.34"
"4200","Sag",30,"T2","O1",5,"17.036"
"4201","Sag",30,"T2","O1",6,"18.896"
"4202","Sag",30,"T2","O1",7,"16.754"
"4203","Sag",30,"T2","O1",8,"16.872"
"4204","Sag",30,"T2","O1",9,"17.153"
"4205","Sag",35,"T2","O1",1,"17.011"
"4206","Sag",35,"T2","O1",2,"16.269"
"4207","Sag",35,"T2","O1",3,"16.275"
"4208","Sag",35,"T2","O1",4,"17.266"
"4209","Sag",35,"T2","O1",5,"19.681"
"4210","Sag",39,"T2","O1",1,"23.953"
"4211","Sag",39,"T2","O1",1,"16.44804"
"4212","Sag",39,"T2","O1",2,"21.2184"
"4213","Sag",39,"T2","O1",3,"22.57164"
"4214","Sag",39,"T2","O1",4,"18.50772"
"4215","Sag",39,"T2","O1",5,"17.28384"
"4271","Sag",24,"T2","O2",1,"15.036"
"4272","Sag",24,"T2","O2",2,"14.67648"
"4273","Sag",24,"T2","O2",3,"12.6168"
"4274","Sag",24,"T2","O2",4,"15.40728"
"4275","Sag",24,"T2","O2",5,"14.81088"
"4276","Sag",30,"T2","O2",1,"17.59"
"4277","Sag",30,"T2","O2",2,"17.759"
"4278","Sag",30,"T2","O2",3,"16.481"
"4279","Sag",30,"T2","O2",4,"15.868"
"4280","Sag",30,"T2","O2",5,"16.755"
"4281","Sag",30,"T2","O2",6,"18.198"
"4282","Sag",30,"T2","O2",7,"16.303"
"4283","Sag",30,"T2","O2",8,"14.898"
"4284","Sag",30,"T2","O2",9,"17.652"
"4285","Sag",30,"T2","O2",10,"16.972"
"4286","Sag",35,"T2","O2",1,"16.177"
"4287","Sag",35,"T2","O2",2,"20.865"
"4288","Sag",35,"T2","O2",3,"17.346"
"4289","Sag",35,"T2","O2",4,"21.766"
"4290","Sag",35,"T2","O2",5,"20.369"
"4291","Sag",39,"T2","O2",1,"21.91812"
"4292","Sag",39,"T2","O2",2,"22.64556"
"4293","Sag",39,"T2","O2",3,"21.7182"
"4294","Sag",39,"T2","O2",4,"22.42128"
"4295","Sag",39,"T2","O2",5,"20.70936"
"4329","Sag",24,"T2","O4",1,"15.0024"
"4330","Sag",24,"T2","O4",2,"15.1284"
"4331","Sag",24,"T2","O4",3,"13.1544"
"4332","Sag",24,"T2","O4",4,"15.0612"
"4333","Sag",24,"T2","O4",5,"13.1292"
"4334","Sag",30,"T2","O4",1,"19.26876"
"4335","Sag",30,"T2","O4",2,"14.1708"
"4336","Sag",30,"T2","O4",3,"18.43128"
"4337","Sag",30,"T2","O4",4,"16.03224"
"4338","Sag",30,"T2","O4",5,"16.28088"
"4339","Sag",35,"T2","O4",1,"19.349"
"4340","Sag",35,"T2","O4",2,"22.853"
"4341","Sag",35,"T2","O4",3,"20.167"
"4342","Sag",35,"T2","O4",4,"17.529"
"4343","Sag",35,"T2","O4",5,"23.136"
"4344","Sag",39,"T2","O4",1,"22.75308"
"4345","Sag",39,"T2","O4",2,"22.78164"
"4346","Sag",39,"T2","O4",3,"18.34728"
"4347","Sag",39,"T2","O4",4,"20.5842"
"4348","Sag",39,"T2","O4",5,"22.3902"
"4369","Sag",24,"T2","O5",1,"16.23888"
"4370","Sag",24,"T2","O5",2,"15.72396"
"4371","Sag",24,"T2","O5",3,"17.03016"
"4372","Sag",24,"T2","O5",4,"15.65088"
"4373","Sag",24,"T2","O5",5,"15.9222"
"4374","Sag",30,"T2","O5",1,"19.8324"
"4375","Sag",30,"T2","O5",2,"21.10164"
"4376","Sag",30,"T2","O5",3,"17.57952"
"4377","Sag",30,"T2","O5",4,"20.63544"
"4378","Sag",30,"T2","O5",5,"20.937"
"4379","Sag",30,"T2","O5",6,"19.2738"
"4380","Sag",35,"T2","O5",1,"25.198"
"4381","Sag",35,"T2","O5",1,"21.9324"
"4382","Sag",35,"T2","O5",2,"23.1588"
"4383","Sag",35,"T2","O5",3,"22.7556"
"4384","Sag",35,"T2","O5",4,"19.2024"
"4385","Sag",35,"T2","O5",5,"20.9076"
"4386","Sag",39,"T2","O5",1,"26.3088"
"4387","Sag",39,"T2","O5",2,"24.94464"
"4388","Sag",39,"T2","O5",3,"25.40328"
"4389","Sag",39,"T2","O5",4,"24.13908"
"4390","Sag",39,"T2","O5",5,"22.83456"
"4444","Sag",24,"T2","O6",1,"15.39384"
"4445","Sag",24,"T2","O6",2,"16.11708"
"4446","Sag",24,"T2","O6",3,"15.55764"
"4447","Sag",24,"T2","O6",4,"15.08892"
"4448","Sag",24,"T2","O6",5,"16.05156"
"4449","Sag",35,"T2","O6",1,"20.378"
"4450","Sag",35,"T2","O6",2,"21.444"
"4451","Sag",35,"T2","O6",3,"20.402"
"4452","Sag",35,"T2","O6",4,"18.037"
"4453","Sag",35,"T2","O6",5,"19.437"
"4454","Sag",35,"T2","O6",6,"21.421"
"4455","Sag",35,"T2","O6",7,"22.462"
"4456","Sag",35,"T2","O6",8,"22.379"
"4457","Sag",35,"T2","O6",9,"16.905"
"4458","Sag",35,"T2","O6",10,"22.572"
"4459","Sag",39,"T2","O6",1,"25.622"
"4460","Sag",39,"T2","O6",2,"23.948"
"4461","Sag",39,"T2","O6",3,"25.974"
"4462","Sag",39,"T2","O6",4,"24.662"
"4463","Sag",39,"T2","O6",5,"23.645"
"4550","Sag",24,"T3","O1",1,"16.19016"
"4551","Sag",24,"T3","O1",2,"14.82768"
"4552","Sag",24,"T3","O1",3,"18.62028"
"4553","Sag",24,"T3","O1",4,"16.17"
"4554","Sag",24,"T3","O1",5,"14.88144"
"4555","Sag",30,"T3","O1",1,"17.87184"
"4556","Sag",30,"T3","O1",2,"18.0096"
"4557","Sag",30,"T3","O1",3,"18.03984"
"4558","Sag",30,"T3","O1",4,"19.53336"
"4559","Sag",30,"T3","O1",5,"19.18392"
"4560","Sag",35,"T3","O1",1,"18.25236"
"4561","Sag",35,"T3","O1",2,"21.73668"
"4562","Sag",35,"T3","O1",3,"18.72276"
"4563","Sag",35,"T3","O1",4,"24.8472"
"4564","Sag",35,"T3","O1",5,"23.56032"
"4565","Sag",39,"T3","O1",1,"26.89596"
"4566","Sag",39,"T3","O1",2,"23.71236"
"4618","Sag",24,"T3","O2",1,"14.48412"
"4619","Sag",24,"T3","O2",2,"13.64244"
"4620","Sag",24,"T3","O2",3,"14.12544"
"4621","Sag",24,"T3","O2",4,"14.97552"
"4622","Sag",24,"T3","O2",5,"12.41184"
"4623","Sag",24,"T3","O2",6,"13.58196"
"4624","Sag",24,"T3","O2",7,"12.49332"
"4625","Sag",30,"T3","O2",1,"16.73364"
"4626","Sag",30,"T3","O2",2,"17.04696"
"4627","Sag",30,"T3","O2",3,"14.28504"
"4628","Sag",30,"T3","O2",4,"17.66772"
"4629","Sag",30,"T3","O2",5,"19.30068"
"4630","Sag",35,"T3","O2",1,"15.99"
"4631","Sag",35,"T3","O2",2,"17.179"
"4632","Sag",35,"T3","O2",3,"22.772"
"4633","Sag",35,"T3","O2",4,"20.062"
"4634","Sag",35,"T3","O2",5,"19.965"
"4635","Sag",35,"T3","O2",6,"14.992"
"4667","Sag",24,"T3","O6",1,"15.3216"
"4668","Sag",24,"T3","O6",2,"17.37456"
"4669","Sag",24,"T3","O6",3,"16.84284"
"4670","Sag",24,"T3","O6",4,"16.99992"
"4671","Sag",24,"T3","O6",5,"16.13808"
"4672","Sag",30,"T3","O6",1,"14.49504"
"4673","Sag",30,"T3","O6",2,"16.97388"
"4674","Sag",30,"T3","O6",3,"20.5548"
"4675","Sag",30,"T3","O6",4,"20.11716"
"4676","Sag",30,"T3","O6",5,"19.59552"
"4677","Sag",35,"T3","O6",1,"22.195"
"4678","Sag",35,"T3","O6",1,"19.36032"
"4679","Sag",35,"T3","O6",2,"20.3616"
"4680","Sag",35,"T3","O6",3,"23.4486"
"4681","Sag",35,"T3","O6",4,"19.45944"
"4682","Sag",35,"T3","O6",5,"20.45904"
"4683","Sag",35,"T3","O6",6,"23.82072"
"4684","Sag",39,"T3","O6",1,"21.75516"
"4685","Sag",39,"T3","O6",2,"22.50192"
"4686","Sag",39,"T3","O6",3,"26.44824"
"4687","Sag",39,"T3","O6",4,"25.63008"
"4688","Sag",39,"T3","O6",5,"26.17356"
